width,batch-time,learning-rate,replicate,J0_percent_err,J0_fit,J0_true,k2_percent_err,k2_fit,k2_true,k3_percent_err,k3_fit,k3_true,k4_percent_err,k4_fit,k4_true,k5_percent_err,k5_fit,k5_true,k6_percent_err,k6_fit,k6_true,k_percent_err,k_fit,k_true,kappa_percent_err,kappa_fit,kappa_true,psi_percent_err,psi_fit,psi_true,N_percent_err,N_fit,N_true,A_percent_err,A_fit,A_true
15.0,32.0,0.1,12.0,6.1486031260216125e-06,2.499984628492185,2.5,1.4130685124236209e-06,6.0000084784110745,6.0,1.4970558614990637e-06,16.000023952893784,16.0,3.425741439855301e-08,99.99999657425856,100,7.028608299541883e-07,1.2799991003381377,1.28,2.1455552963918953e-07,12.000002574666356,12.0,4.640540252682297e-06,1.8000083529724549,1.8,1.4664984900966042e-06,13.000019064480371,13.0,0.0001643068869386366,0.10001643068869387,0.1,4.862966840657457e-06,0.9999951370331593,1.0,2.3185156315941313e-06,3.9999907259374736,4.0
5.0,64.0,0.1,25.0,4.856060066948942e-06,2.4999878598498326,2.5,3.514389909457331e-07,6.000002108633946,6.0,5.552434652056348e-07,16.000008883895443,16.0,1.9271293325573424e-07,100.00001927129333,100,4.162675104439628e-06,1.2800053282241337,1.28,5.901365579911536e-07,11.999992918361304,12.0,6.053904838296573e-06,1.799989102971291,1.8,9.530879112254262e-07,12.999987609857154,13.0,4.060006393663551e-05,0.09999593999360634,0.1,5.8679700992714245e-06,0.9999941320299007,1.0,4.3846511110778863e-07,4.000001753860444,4.0
5.0,64.0,0.1,14.0,6.254886804946125e-06,2.5000156372170124,2.5,3.0662111667467684e-06,5.9999816027329995,6.0,5.970470873251088e-07,16.000009552753397,16.0,1.247448157926101e-07,99.99998752551842,100,3.4938562048711375e-06,1.2800044721359423,1.28,4.028225129755943e-07,12.000004833870156,12.0,7.107662516202416e-06,1.7999872062074709,1.8,6.712472751994133e-08,12.999999127378542,13.0,0.00034817685875043747,0.09996518231412496,0.1,3.4500693690819872e-06,0.9999965499306309,1.0,4.091981932186073e-06,3.9999836320722713,4.0
5.0,64.0,0.1,4.0,8.178002809700047e-06,2.4999795549929757,2.5,1.8776455334249913e-06,6.0000112658732005,6.0,4.6386248997443147e-07,16.00000742179984,16.0,1.9604922840699147e-08,100.00000196049228,100,7.739786928202819e-06,1.279990093072732,1.28,1.5315875994126316e-06,11.999981620948807,12.0,1.6604162660854232e-06,1.799997011250721,1.8,1.4561338528114202e-08,12.9999998107026,13.0,0.00036245298903003764,0.10003624529890301,0.1,3.1096097704574888e-06,0.9999968903902295,1.0,1.371421067597467e-06,4.00000548568427,4.0
25.0,32.0,0.1,12.0,5.868403763287233e-06,2.499985328990592,2.5,3.0593811869058146e-07,6.000001835628712,6.0,9.122049929866094e-07,15.999985404720112,16.0,1.9134853872060374e-07,99.99998086514613,100,9.939681613196916e-06,1.2799872772075351,1.28,3.6616285411147e-08,12.000000439395425,12.0,1.2673630527753548e-07,1.7999997718746505,1.8,1.3932490033469618e-09,12.999999981887763,13.0,0.00019268774198000216,0.099980731225802,0.1,1.901261196823878e-05,0.9999809873880318,1.0,9.015290709513124e-07,4.000003606116284,4.0
25.0,64.0,0.1,15.0,7.088723441128764e-07,2.4999982278191397,2.5,3.762383441833587e-08,6.0000002257430065,6.0,2.4718391333777845e-08,16.00000039549426,16.0,4.8957542020389155e-08,100.0000048957542,100,1.0510409551543753e-05,1.280013453324226,1.28,3.311260196851388e-06,12.000039735122362,12.0,6.971005940517274e-06,1.800012547810693,1.8,1.0848414775046842e-06,12.999985897060792,13.0,2.845504296869472e-05,0.10000284550429688,0.1,1.3993867893580259e-05,1.0000139938678936,1.0,3.642861920560847e-06,4.000014571447682,4.0
15.0,64.0,0.1,21.0,4.4602997904874545e-06,2.500011150749476,2.5,2.58774925591491e-06,5.9999844735044645,6.0,1.0731266286700958e-07,15.999998282997394,16.0,1.9974703903358203e-07,99.9999800252961,100,4.191819779481021e-06,1.2799946344706823,1.28,1.1964028909794422e-06,11.999985643165308,12.0,3.4778976067961764e-05,1.7999373978430777,1.8,2.86402249471962e-07,12.999996276770757,13.0,0.00018844793425593087,0.1000188447934256,0.1,2.362414542655955e-06,1.0000023624145427,1.0,1.4427351198165184e-06,3.9999942290595207,4.0
15.0,64.0,0.1,24.0,9.010232964179465e-06,2.4999774744175896,2.5,3.052068174191902e-06,5.999981687590955,6.0,5.474187700915678e-07,16.00000875870032,16.0,1.605281369165823e-08,100.00000160528137,100,1.5795174005545087e-06,1.2800020217822727,1.28,5.532123421581048e-07,11.999993361451894,12.0,1.1597747934861186e-05,1.7999791240537173,1.8,1.7807097321473555e-07,12.999997685077348,13.0,9.989322622180885e-05,0.09999001067737782,0.1,2.055859140037697e-06,1.00000205585914,1.0,2.6141270770274616e-06,3.999989543491692,4.0
25.0,64.0,0.1,8.0,1.2101274013076591e-06,2.5000030253185033,2.5,3.679918182027582e-07,6.000002207950909,6.0,7.145924584284202e-07,15.999988566520665,16.0,1.6132485058051317e-07,99.99998386751494,100,1.256220636142863e-05,1.2800160796241427,1.28,2.7361790226147303e-07,12.000003283414827,12.0,6.4760402529451255e-06,1.7999883431275447,1.8,2.0904239486769097e-06,12.999972824488667,13.0,3.6592911889510304e-05,0.10000365929118896,0.1,3.3151997566038816e-06,0.9999966848002434,1.0,1.5668919450817498e-07,4.000000626756778,4.0
5.0,64.0,0.1,27.0,2.3147645320520382e-06,2.49999421308867,2.5,6.792110688695155e-07,5.999995924733587,6.0,1.5319289037307726e-07,16.000002451086246,16.0,2.5645329742474133e-07,100.00002564532974,100,1.0071805166787795e-05,1.2799871080893865,1.28,8.797482461038915e-08,12.000001055697895,12.0,3.3695987268335238e-06,1.7999939347222917,1.8,3.039953023668082e-07,13.00000395193893,13.0,1.3743875088290114e-05,0.10000137438750883,0.1,7.593491662793994e-06,0.9999924065083372,1.0,5.098410560622213e-06,4.0000203936422425,4.0
15.0,32.0,0.1,20.0,1.0358673831589727e-06,2.500002589668458,2.5,2.754348831235376e-06,6.000016526092987,6.0,1.794624117312793e-06,16.000028713985877,16.0,5.866020899247815e-08,100.0000058660209,100,2.396524217095075e-06,1.280003067550998,1.28,8.578592779843556e-07,11.999989705688664,12.0,2.5429309527227574e-06,1.7999954227242851,1.8,1.3784970850959046e-06,12.999982079537894,13.0,6.907438718117831e-05,0.09999309256128189,0.1,3.543582420828528e-07,1.000000354358242,1.0,8.282469361464706e-07,4.000003312987745,4.0
5.0,32.0,0.1,21.0,4.9367293186719505e-08,2.499999876581767,2.5,2.1485779970002264e-07,6.000001289146798,6.0,1.4465525155493708e-07,15.999997685515975,16.0,3.527847468376422e-07,99.99996472152532,100,1.2529343000958204e-05,1.2800160375590413,1.28,8.808829495462097e-07,12.000010570595395,12.0,1.2041135291691103e-05,1.800021674043525,1.8,1.102157387304732e-06,12.999985671953965,13.0,0.00010847242155845316,0.10001084724215585,0.1,6.036934063646804e-06,0.9999939630659364,1.0,1.967963102034176e-06,3.999992128147592,4.0
15.0,32.0,0.1,30.0,7.410443164168612e-06,2.4999814738920896,2.5,3.0137660681125076e-06,5.999981917403591,6.0,1.2457663189913148e-07,16.00000199322611,16.0,2.3286753048523678e-07,99.99997671324695,100,4.439413158786876e-06,1.2800056824488433,1.28,2.6700743287477735e-06,12.000032040891945,12.0,4.153764162382087e-06,1.8000074767754923,1.8,2.402089712096365e-07,12.999996877283374,13.0,4.0758870717277906e-05,0.09999592411292828,0.1,3.6262213834792334e-05,1.0000362622138348,1.0,8.150974065701533e-07,3.9999967396103737,4.0
5.0,64.0,0.1,13.0,1.0034264245817326e-05,2.5000250856606145,2.5,2.914042521654873e-06,5.99998251574487,6.0,3.3125421838864355e-07,15.999994699932506,16.0,2.794984395393385e-07,100.00002794984395,100,7.91532860210803e-06,1.2799898683793893,1.28,6.321295537385178e-07,12.000007585554645,12.0,5.562530325242676e-07,1.8000010012554586,1.8,1.8862200198336373e-07,13.000002452086026,13.0,0.00032360847756054967,0.10003236084775606,0.1,2.656621946894866e-05,1.000026566219469,1.0,2.9959726055572844e-06,3.9999880161095778,4.0
25.0,64.0,0.1,6.0,1.1308472830862115e-05,2.500028271182077,2.5,5.014074448972394e-07,5.999996991555331,6.0,2.6294511612512395e-07,16.000004207121858,16.0,4.8069499172243014e-08,99.99999519305008,100,1.5001391211189041e-05,1.2799807982192497,1.28,3.5944047072078433e-07,11.999995686714351,12.0,3.2172569855129198e-06,1.800005791062574,1.8,8.304364566942451e-07,12.999989204326063,13.0,5.878696851938092e-05,0.10000587869685194,0.1,1.3266639137254899e-05,0.9999867333608627,1.0,8.095438523980647e-06,4.000032381754096,4.0
5.0,32.0,0.1,29.0,3.746006102645083e-06,2.5000093650152566,2.5,7.2546702683714175e-06,6.00004352802161,6.0,6.276715300845837e-07,15.999989957255519,16.0,3.366324227727091e-07,100.00003366324228,100,1.7421565259856386e-05,1.2799777003964674,1.28,1.101709999525487e-06,12.000013220519994,12.0,1.3897439941438586e-05,1.8000250153918946,1.8,6.788910422546206e-07,13.00000882558355,13.0,0.00015872735926097947,0.1000158727359261,0.1,5.970091866869254e-06,0.9999940299081331,1.0,3.935336778448928e-06,3.999984258652886,4.0
25.0,32.0,0.1,15.0,2.315930068697014e-06,2.5000057898251717,2.5,1.5888668530491163e-06,6.000009533201118,6.0,6.843616842111544e-07,15.999989050213053,16.0,1.3073672917585099e-07,100.00001307367292,100,4.59415429344967e-06,1.2800058805174956,1.28,2.0717752574247092e-06,11.999975138696911,12.0,2.2505525882528705e-05,1.8000405099465886,1.8,5.49769517022014e-07,13.000007147003721,13.0,0.000185325770273026,0.10001853257702731,0.1,1.7920103902113738e-05,0.9999820798960979,1.0,4.8197039719255486e-06,4.000019278815888,4.0
5.0,64.0,0.1,29.0,8.015697748753326e-06,2.499979960755628,2.5,6.355965778877722e-07,6.000003813579467,6.0,9.108480556463405e-07,16.00001457356889,16.0,2.8876299467128773e-08,99.99999711237005,100,2.4978402417621948e-06,1.2799968027644906,1.28,5.691719352126275e-07,11.999993169936777,12.0,1.020813967319197e-05,1.8000183746514118,1.8,9.60024668581984e-07,13.000012480320692,13.0,0.00044508692161826513,0.10004450869216183,0.1,2.08624581550243e-05,0.999979137541845,1.0,1.7917452246329901e-06,3.9999928330191015,4.0
15.0,64.0,0.1,15.0,4.703697643115845e-06,2.499988240755892,2.5,1.827868579162839e-06,5.999989032788525,6.0,2.5910024747943794e-07,16.00000414560396,16.0,3.1579858301711286e-08,99.99999684201417,100,7.110944834701205e-06,1.2799908979906116,1.28,2.6888492620595153e-06,11.999967733808855,12.0,1.1451772675820216e-06,1.7999979386809184,1.8,2.9713991349484996e-07,12.999996137181125,13.0,3.6041602897718406e-05,0.09999639583971023,0.1,1.8434650737031433e-06,1.0000018434650737,1.0,2.4592406961954083e-06,4.000009836962785,4.0
5.0,64.0,0.1,3.0,9.799334669935434e-07,2.5000024498336675,2.5,1.824655561607121e-06,6.00001094793337,6.0,9.478731541889829e-07,16.000015165970467,16.0,1.3561101638970285e-07,99.99998643889836,100,1.5849352111990678e-06,1.2799979712829297,1.28,1.2870757326588489e-06,12.000015444908792,12.0,5.505864410566059e-06,1.800009910555939,1.8,1.4611486956430151e-06,12.999981005066957,13.0,0.00014536740144552307,0.09998546325985545,0.1,1.9553388098447755e-05,0.9999804466119016,1.0,5.672157822211865e-06,3.999977311368711,4.0
15.0,64.0,0.1,11.0,1.5448322157496363e-06,2.4999961379194606,2.5,6.744903127871756e-07,5.999995953058123,6.0,4.5774279744392743e-07,15.999992676115241,16.0,1.3254272047902303e-07,100.00001325427205,100,8.027492366322053e-06,1.280010275190229,1.28,7.628186593500175e-07,12.000009153823912,12.0,5.063901899656405e-06,1.8000091150234194,1.8,1.0235934107837552e-06,13.00001330671434,13.0,3.21782031900697e-05,0.099996782179681,0.1,7.935700832684134e-06,1.0000079357008327,1.0,4.635274805320222e-06,4.000018541099221,4.0
25.0,64.0,0.1,4.0,,,2.5,,,6.0,,,16.0,,,100,,,1.28,,,12.0,,,1.8,,,13.0,,,0.1,,,1.0,,,4.0
25.0,32.0,0.1,6.0,3.4278472606175115e-06,2.4999914303818485,2.5,1.9797633831567887e-06,5.999988121419701,6.0,1.043409997292244e-06,16.000016694559957,16.0,1.722476010002083e-07,100.0000172247601,100,3.119287987230629e-05,1.2799600731137635,1.28,1.2417746164672394e-07,11.99999850987046,12.0,1.467739775150455e-06,1.7999973580684048,1.8,2.4479127320047996e-07,12.999996817713448,13.0,6.361745737148983e-07,0.10000006361745738,0.1,5.049778099230906e-06,0.9999949502219008,1.0,6.728748298767684e-06,4.000026914993195,4.0
15.0,64.0,0.1,16.0,6.812441292147753e-06,2.5000170311032304,2.5,4.565912504676343e-06,6.000027395475028,6.0,7.99619436109289e-07,15.999987206089022,16.0,8.627318024423402e-08,100.00000862731802,100,3.08094109039217e-05,1.279960563954043,1.28,4.968519324854981e-07,11.99999403777681,12.0,1.303503366208621e-05,1.7999765369394083,1.8,1.0809146546036502e-06,13.00001405189051,13.0,6.731255133993197e-05,0.09999326874486601,0.1,1.670566988631883e-06,0.9999983294330114,1.0,3.8730906926076614e-08,4.000000154923628,4.0
25.0,32.0,0.1,8.0,1.345437973121477e-06,2.500003363594933,2.5,5.733220675985251e-07,6.000003439932406,6.0,2.3252119041305974e-07,15.999996279660953,16.0,2.538295406395719e-07,99.99997461704594,100,5.954580695015366e-06,1.2799923781367104,1.28,3.355751010995315e-06,11.999959730987868,12.0,9.150738716150957e-06,1.8000164713296891,1.8,2.9617365339727434e-07,13.000003850257494,13.0,2.4081204669235134e-05,0.10000240812046693,0.1,1.0509007046799468e-06,1.0000010509007047,1.0,1.7404330088233166e-08,3.9999999303826796,4.0
15.0,64.0,0.1,4.0,3.320991893929204e-06,2.500008302479735,2.5,6.606927486589124e-07,5.999996035843508,6.0,1.1980446146253598e-06,15.999980831286166,16.0,1.1942294406708243e-08,99.99999880577056,100,2.2328480231426084e-06,1.2799971419545304,1.28,9.230462108729872e-07,12.00001107655453,12.0,8.845203520365294e-06,1.7999840786336634,1.8,3.2818217463251094e-06,12.999957336317298,13.0,0.00019491831159818007,0.09998050816884019,0.1,1.5209131620785854e-06,1.000001520913162,1.0,3.45637839660462e-06,4.000013825513586,4.0
25.0,32.0,0.1,2.0,2.8456063358106577e-06,2.5000071140158395,2.5,2.022921645750131e-06,6.0000121375298745,6.0,2.684880783254684e-07,15.999995704190747,16.0,1.8487034949998815e-07,99.99998151296505,100,5.178866279743899e-06,1.279993371051162,1.28,3.2327785663236835e-07,11.99999612066572,12.0,1.094747111000475e-05,1.800019705447998,1.8,1.169850061744936e-06,13.000015208050803,13.0,2.9795208724842093e-05,0.10000297952087249,0.1,3.093255130415251e-05,1.0000309325513042,1.0,8.662465353914683e-07,4.000003464986142,4.0
5.0,64.0,0.1,26.0,3.1818586977649944e-06,2.5000079546467444,2.5,1.5409599788777464e-07,5.999999075424013,6.0,8.609401425108132e-07,16.00001377504228,16.0,1.5234281264042693e-07,100.00001523428126,100,9.341288214649579e-06,1.2799880431510853,1.28,1.3517777974018468e-06,12.000016221333569,12.0,6.653095468002313e-06,1.8000119755718424,1.8,1.4675598085143695e-06,12.99998092172249,13.0,6.285232973274324e-05,0.09999371476702673,0.1,9.535788097148057e-06,1.0000095357880971,1.0,4.421014732747253e-06,3.999982315941069,4.0
25.0,64.0,0.1,2.0,,,2.5,,,6.0,,,16.0,,,100,,,1.28,,,12.0,,,1.8,,,13.0,,,0.1,,,1.0,,,4.0
15.0,32.0,0.1,13.0,3.745634544749521e-06,2.499990635913638,2.5,1.4590295518424057e-06,5.999991245822689,6.0,2.806982724035123e-07,16.00000449117236,16.0,1.385882062265864e-07,100.00001385882062,100,7.45581939763651e-07,1.2799990456551171,1.28,2.28734244878126e-08,11.999999725518906,12.0,7.886712138052389e-06,1.7999858039181516,1.8,6.910613793346206e-07,12.999991016202069,13.0,7.759677866134296e-05,0.10000775967786614,0.1,1.891958579725017e-05,0.9999810804142027,1.0,4.063841692159009e-06,3.9999837446332314,4.0
15.0,32.0,0.1,7.0,1.2410681282659652e-06,2.4999968973296793,2.5,1.585642563028955e-06,5.999990486144622,6.0,6.41303035120444e-08,15.999998973915144,16.0,1.5055758225912541e-07,99.99998494424177,100,4.267590507714414e-06,1.2799945374841502,1.28,1.2077697961743183e-06,11.999985506762446,12.0,5.394283410694219e-06,1.8000097097101393,1.8,2.023750280517771e-06,12.999973691246353,13.0,0.00011767392202766125,0.09998823260779724,0.1,7.669632188234132e-06,0.9999923303678118,1.0,1.3366943996118152e-08,3.999999946532224,4.0
15.0,32.0,0.1,11.0,3.371550690722813e-06,2.499991571123273,2.5,3.8545967964154215e-06,6.0000231275807785,6.0,2.108019691027252e-07,15.999996627168494,16.0,1.3753555535345186e-07,99.99998624644446,100,9.483126556936172e-06,1.280012138401993,1.28,1.611837277426531e-06,12.00001934204733,12.0,8.41698017345966e-06,1.8000151505643123,1.8,4.1836996595306505e-07,12.999994561190443,13.0,8.819124275347145e-05,0.10000881912427535,0.1,1.3735469155395919e-06,1.0000013735469155,1.0,5.66474632446301e-06,4.000022658985298,4.0
5.0,32.0,0.1,24.0,3.601557510002351e-06,2.499990996106225,2.5,2.980480778180805e-06,6.000017882884669,6.0,4.206484172097902e-08,15.999999326962532,16.0,6.758281003271804e-08,99.999993241719,100,8.864935454634681e-06,1.280011347117382,1.28,1.2991897119600064e-06,11.999984409723456,12.0,8.468135790115936e-07,1.7999984757355578,1.8,1.8546274396577736e-08,13.000000241101567,13.0,0.00018992789710597924,0.09998100721028941,0.1,2.698707722237348e-05,0.9999730129227776,1.0,2.093357174270949e-06,4.000008373428697,4.0
25.0,64.0,0.1,10.0,,,2.5,,,6.0,,,16.0,,,100,,,1.28,,,12.0,,,1.8,,,13.0,,,0.1,,,1.0,,,4.0
15.0,64.0,0.1,13.0,1.04258592461548e-05,2.5000260646481154,2.5,1.4046227988136668e-06,5.999991572263207,6.0,9.659205620904388e-07,15.999984545271007,16.0,2.280423943545884e-07,100.00002280423944,100,1.9931717280124994e-06,1.2800025512598119,1.28,1.3729083023032256e-06,11.999983525100372,12.0,1.2034287681311145e-05,1.7999783382821737,1.8,4.0506259816416225e-08,13.000000526581378,13.0,0.0001213062954544264,0.10001213062954545,0.1,5.915940865852676e-06,1.0000059159408659,1.0,3.7033213557968736e-06,3.999985186714577,4.0
5.0,32.0,0.1,13.0,2.3171643492858607e-06,2.499994207089127,2.5,2.832089343633252e-06,5.999983007463938,6.0,1.206545279686111e-06,16.000019304724475,16.0,9.495884910393215e-08,100.00000949588491,100,1.6178114189621673e-05,1.2800207079861627,1.28,1.317706258182246e-07,12.00000158124751,12.0,5.269365122511576e-06,1.7999905151427795,1.8,4.979722338414551e-07,12.99999352636096,13.0,0.00021274038362578684,0.09997872596163743,0.1,2.9151704134533496e-05,0.9999708482958655,1.0,2.8289131601688666e-06,4.000011315652641,4.0
5.0,64.0,0.1,19.0,1.8090528152825414e-06,2.500004522632038,2.5,1.1766639221496196e-06,5.999992940016467,6.0,1.1348992288162663e-06,16.00001815838766,16.0,3.2965288738751045e-08,100.00000329652887,100,2.4099694687432227e-05,1.2799691523908001,1.28,1.061275790507447e-06,11.999987264690514,12.0,8.600939163599324e-06,1.8000154816904945,1.8,6.60959875139392e-07,12.999991407521623,13.0,0.0001645518886771169,0.0999835448111323,0.1,1.959739119716808e-05,1.0000195973911972,1.0,2.1668036511712785e-06,4.000008667214605,4.0
15.0,32.0,0.1,25.0,5.955628547837932e-06,2.4999851109286304,2.5,1.4703418385053624e-06,5.999991177948969,6.0,4.339824215549015e-07,16.000006943718745,16.0,1.0561883101445346e-07,100.0000105618831,100,7.940427459648958e-06,1.2800101637471484,1.28,4.602454000135481e-07,11.9999944770552,12.0,4.977669497203192e-06,1.800008959805095,1.8,1.0204838948569572e-06,12.999986733709367,13.0,4.954700060330608e-05,0.09999504529993967,0.1,4.229625361062972e-07,1.000000422962536,1.0,2.4376545502136082e-06,4.000009750618201,4.0
5.0,32.0,0.1,27.0,4.600004555577187e-06,2.499988499988611,2.5,1.6907867757727976e-07,6.0000010144720655,6.0,4.913598119493656e-07,16.00000786175699,16.0,2.1155572682118873e-07,99.99997884442732,100,7.1854627855388875e-06,1.2800091973923655,1.28,3.880020963779411e-07,12.000004656025157,12.0,1.9704111918637956e-06,1.8000035467401454,1.8,4.5704141339906704e-07,12.999994058461626,13.0,3.978789864370058e-05,0.10000397878986438,0.1,3.573574958615211e-06,0.9999964264250414,1.0,5.895711583381313e-07,4.000002358284633,4.0
5.0,32.0,0.1,8.0,9.715897790130156e-06,2.4999757102555247,2.5,5.230806280417018e-06,6.0000313848376825,6.0,7.0387762596269e-07,15.999988737957985,16.0,1.480935596021027e-07,100.00001480935596,100,3.400238014587831e-06,1.2800043523046587,1.28,1.1699936806053302e-06,12.000014039924167,12.0,5.646100985634561e-06,1.799989837018226,1.8,1.8150197925811322e-09,13.000000023595257,13.0,0.00011985273984493894,0.1000119852739845,0.1,8.157102331596278e-06,1.0000081571023316,1.0,5.677671215176261e-06,4.000022710684861,4.0
25.0,64.0,0.1,29.0,,,2.5,,,6.0,,,16.0,,,100,,,1.28,,,12.0,,,1.8,,,13.0,,,0.1,,,1.0,,,4.0
5.0,32.0,0.1,10.0,8.348003071034782e-08,2.4999997912999232,2.5,1.6543783809552792e-06,5.999990073729714,6.0,1.3321199066052003e-07,15.99999786860815,16.0,1.2697777265202604e-08,100.00000126977773,100,4.3671058404942675e-06,1.2799944101045242,1.28,1.3120931563470606e-06,12.000015745117876,12.0,3.2899612787160336e-08,1.800000059219303,1.8,5.650797442276948e-07,13.000007346036675,13.0,0.0001711970630421944,0.10001711970630422,0.1,5.798778031751439e-06,0.9999942012219682,1.0,4.790687210265432e-06,3.999980837251159,4.0
5.0,32.0,0.1,1.0,5.256397699859861e-06,2.5000131409942496,2.5,5.709565100708858e-07,6.00000342573906,6.0,8.237114019760128e-07,16.00001317938243,16.0,1.3721989688519898e-07,99.99998627801031,100,3.5810130787766736e-06,1.2800045836967409,1.28,2.119954672548848e-07,12.000002543945607,12.0,6.458063088003266e-07,1.8000011624513559,1.8,6.857598499994293e-07,13.00000891487805,13.0,0.0001957065038651895,0.09998042934961349,0.1,2.5194206917711348e-05,0.9999748057930823,1.0,5.864365926200321e-08,4.000000234574637,4.0
5.0,32.0,0.1,14.0,1.1511083211956929e-06,2.499997122229197,2.5,2.998073031316532e-06,5.999982011561812,6.0,7.858520894021837e-07,16.00001257363343,16.0,1.9746797150332895e-07,100.00001974679715,100,1.6099928584756285e-06,1.2800020607908589,1.28,4.4676940887574307e-07,12.000005361232907,12.0,9.295370373048803e-06,1.7999832683333286,1.8,1.18972389451244e-06,12.999984533589371,13.0,0.00011501776911740369,0.09998849822308827,0.1,9.998754135764898e-08,1.0000000999875414,1.0,2.696043619909716e-06,4.00001078417448,4.0
25.0,64.0,0.1,12.0,,,2.5,,,6.0,,,16.0,,,100,,,1.28,,,12.0,,,1.8,,,13.0,,,0.1,,,1.0,,,4.0
15.0,32.0,0.1,16.0,7.219717510942303e-06,2.4999819507062226,2.5,5.999895750600596e-08,5.999999640006255,6.0,8.752764922848044e-07,15.999985995576123,16.0,3.7316303149736994e-07,99.99996268369685,100,5.31320785649575e-06,1.2799931990939437,1.28,1.4507263042714176e-06,11.999982591284349,12.0,3.553743632700446e-08,1.8000000639673854,1.8,3.416901715415686e-08,12.999999555802777,13.0,3.935920304162788e-05,0.09999606407969584,0.1,1.9740799362732986e-05,1.0000197407993627,1.0,2.9952374080988164e-06,4.000011980949632,4.0
15.0,64.0,0.1,22.0,9.841989458436728e-06,2.500024604973646,2.5,4.021390565730106e-07,5.999997587165661,6.0,2.793190247984967e-07,15.999995530895603,16.0,5.023971137063654e-07,99.99994976028863,100,8.446946025801594e-06,1.280010812090913,1.28,3.612980819707919e-07,11.999995664423016,12.0,1.018606015115411e-05,1.799981665091728,1.8,1.015014225558275e-06,13.000013195184932,13.0,0.00026176486258383536,0.09997382351374162,0.1,2.730518485427602e-06,0.9999972694815146,1.0,1.601027701747526e-06,4.000006404110807,4.0
15.0,32.0,0.1,24.0,1.0303155209356873e-05,2.5000257578880234,2.5,4.8650064517670915e-06,5.999970809961289,6.0,6.019290719194714e-07,16.00000963086515,16.0,3.468749696367013e-08,100.0000034687497,100,8.881776130537089e-08,1.2799998863132656,1.28,8.013647261329027e-07,11.999990383623286,12.0,9.163313400901214e-06,1.8000164939641217,1.8,1.3841720765128684e-06,13.000017994236995,13.0,5.1320483627215197e-05,0.10000513204836273,0.1,5.561804933496006e-06,1.0000055618049335,1.0,4.786216097785179e-06,3.999980855135609,4.0
5.0,32.0,0.1,2.0,8.193747526696882e-06,2.4999795156311833,2.5,3.179612230101251e-06,5.999980922326619,6.0,3.135859626413051e-07,15.999994982624598,16.0,1.5164017298729958e-07,99.9999848359827,100,1.3744669553200639e-05,1.2800175931770281,1.28,8.691560759999106e-08,11.999998957012709,12.0,5.1701547318680795e-06,1.8000093062785174,1.8,6.561067287418172e-07,12.999991470612526,13.0,0.0001127414831531004,0.10001127414831532,0.1,8.78343262911141e-06,0.9999912165673709,1.0,1.0154702555498218e-05,4.000040618810222,4.0
25.0,64.0,0.1,14.0,8.897050888023728e-07,2.500002224262722,2.5,4.338390287017546e-07,5.999997396965828,6.0,7.981280858437856e-08,16.000001277004937,16.0,2.7419200122835717e-07,100.00002741920012,100,1.674857118098838e-06,1.2800021438171112,1.28,6.811717974860206e-07,12.00000817406157,12.0,3.1353369072611373e-06,1.8000056436064331,1.8,5.040943361878957e-08,13.000000655322637,13.0,3.582946406094356e-05,0.1000035829464061,0.1,1.1355640169963266e-05,0.99998864435983,1.0,3.4482005044633723e-06,4.000013792802018,4.0
15.0,64.0,0.1,19.0,4.419087656160059e-06,2.5000110477191404,2.5,8.971542162505841e-07,5.9999946170747025,6.0,1.097113815573536e-06,15.99998244617895,16.0,1.662160116211453e-09,100.00000016621601,100,6.78390687999797e-06,1.2799913165991936,1.28,5.633479056577073e-07,12.000006760174868,12.0,2.2695279855433625e-06,1.799995914849626,1.8,1.1570689587997024e-06,13.000015041896464,13.0,5.3569548910809006e-05,0.09999464304510892,0.1,1.8470657955349523e-05,1.0000184706579553,1.0,8.176616619337551e-07,4.000003270646648,4.0
15.0,64.0,0.1,18.0,1.0014303683192338e-05,2.499974964240792,2.5,2.313192868808045e-06,5.999986120842787,6.0,9.695329805659014e-07,15.999984487472311,16.0,1.9678222997754347e-07,99.999980321777,100,5.001346712295296e-06,1.2799935982762083,1.28,8.709564102519588e-07,12.000010451476923,12.0,8.313260944945197e-06,1.800014963869701,1.8,1.0696797019431433e-06,13.000013905836125,13.0,8.389636664940525e-05,0.10000838963666495,0.1,2.864982333372623e-06,1.0000028649823334,1.0,4.585155244374306e-08,3.9999998165937902,4.0
25.0,32.0,0.1,5.0,5.259914916777575e-06,2.499986850212708,2.5,1.6324394162362901e-07,6.00000097946365,6.0,2.8687090880552546e-07,16.00000458993454,16.0,2.2641865470518497e-07,99.99997735813453,100,2.2026840691691252e-05,1.2800281943560854,1.28,2.5778430797392576e-07,12.000003093411696,12.0,2.2439247552667276e-06,1.8000040390645595,1.8,4.942295629844623e-07,13.000006424984319,13.0,0.00036777074580662816,0.09996322292541934,0.1,1.7115139356205233e-05,1.0000171151393562,1.0,1.6433470119148197e-06,3.9999934266119523,4.0
5.0,32.0,0.1,4.0,1.1976023301940585e-07,2.5000002994005825,2.5,1.7552428364098205e-06,5.9999894685429815,6.0,3.260939680505004e-07,16.00000521750349,16.0,6.435064449306083e-08,99.99999356493555,100,1.2802295759964388e-06,1.2799983613061428,1.28,9.395479000732602e-07,12.0000112745748,12.0,6.649723039863096e-06,1.8000119695014718,1.8,9.60268227464448e-07,12.999987516513043,13.0,5.897220452286134e-05,0.10000589722045229,0.1,6.673132155743389e-07,1.0000006673132156,1.0,1.0103076042433656e-06,4.000004041230417,4.0
15.0,64.0,0.1,3.0,1.0877544767318171e-05,2.4999728061380817,2.5,4.790635082851935e-06,5.999971256189503,6.0,6.777017205195079e-07,15.999989156772472,16.0,4.212313768903186e-09,99.99999957876862,100,2.154731827078843e-05,1.2799724194326134,1.28,1.0088832140079754e-08,12.000000121065986,12.0,5.5333868104807174e-08,1.7999999003990375,1.8,7.381794497372487e-07,12.999990403667153,13.0,5.983390798297572e-05,0.09999401660920171,0.1,7.70605524946788e-08,0.9999999229394475,1.0,1.0440767310715415e-06,3.9999958236930757,4.0
25.0,32.0,0.1,27.0,9.278358627540228e-06,2.500023195896569,2.5,1.7806347347715246e-06,5.999989316191591,6.0,2.8099676585569e-08,16.000000449594825,16.0,1.0397693571917443e-07,99.99998960230643,100,2.0663340328207214e-05,1.27997355092438,1.28,1.3013278519954004e-06,12.000015615934224,12.0,9.455789624881718e-06,1.8000170204213248,1.8,2.4764158729121496e-06,13.000032193406348,13.0,0.00012659614425453158,0.09998734038557455,0.1,1.8205197801823836e-05,0.9999817948021982,1.0,3.1958817219290836e-06,4.000012783526888,4.0
5.0,32.0,0.1,26.0,6.0380579885332965e-06,2.4999849048550287,2.5,2.7347010463548336e-06,5.999983591793722,6.0,4.0963499137181003e-07,15.999993445840138,16.0,7.710340810263005e-10,99.99999992289659,100,9.130456301957579e-06,1.2800116869840665,1.28,9.877993741487974e-08,11.999998814640751,12.0,1.563636572998739e-05,1.800028145458314,1.8,4.4453892546523724e-07,13.000005779006031,13.0,0.00024279607717475615,0.10002427960771748,0.1,1.712141325738159e-05,1.0000171214132574,1.0,3.6479747427264897e-06,4.000014591898971,4.0
15.0,32.0,0.1,1.0,7.4227654113911966e-06,2.5000185569135285,2.5,4.7397308537237376e-07,6.000002843838512,6.0,6.915799837248215e-07,15.99998893472026,16.0,1.1271900888232267e-08,99.99999887280991,100,2.774533529141532e-06,1.2800035514029173,1.28,3.803364322744566e-07,11.999995435962813,12.0,7.672875861958812e-06,1.7999861888234485,1.8,5.379674087398948e-08,13.000000699357631,13.0,0.00011357983619397771,0.09998864201638061,0.1,1.3456627154573297e-05,1.0000134566271546,1.0,1.1299728374547513e-05,3.999954801086502,4.0
25.0,32.0,0.1,30.0,3.6292749829414104e-06,2.5000090731874574,2.5,3.150658671883614e-06,5.999981096047969,6.0,3.4860487707621957e-07,15.999994422321967,16.0,1.020894002579098e-07,99.99998979105997,100,1.831590035333841e-05,1.2800234443524523,1.28,4.026727326393124e-07,12.000004832072792,12.0,6.957786450323411e-06,1.7999874759843895,1.8,3.199868624429533e-07,13.000004159829212,13.0,7.314427936208623e-05,0.0999926855720638,0.1,3.0953706628977784e-06,0.9999969046293371,1.0,2.3522090263350393e-06,3.9999905911638947,4.0
25.0,64.0,0.1,1.0,3.6931289685071532e-06,2.5000092328224213,2.5,3.15030336336027e-07,6.000001890182018,6.0,7.659777958579639e-07,16.000012255644734,16.0,3.9338371948360873e-07,99.99996066162805,100,1.3544238511992157e-06,1.2800017336625296,1.28,3.888320872687719e-07,11.999995334014953,12.0,3.282388363704906e-06,1.8000059082990547,1.8,1.4716323148123733e-06,13.000019131220093,13.0,6.271975435651056e-05,0.10000627197543566,0.1,2.1817303043403236e-05,0.9999781826969566,1.0,2.213780065485338e-06,4.000008855120262,4.0
25.0,64.0,0.1,25.0,3.6938471401626316e-06,2.5000092346178504,2.5,1.713016395399336e-08,6.000000102780984,6.0,3.488230707615614e-07,15.999994418830868,16.0,3.8207888906072187e-07,99.9999617921111,100,2.8532446474938133e-06,1.2800036521531488,1.28,2.342308856502958e-07,11.999997189229372,12.0,2.299736493090639e-06,1.8000041395256876,1.8,9.91263459554786e-07,12.999987113575026,13.0,2.4822421510889425e-05,0.1000024822421511,0.1,1.4115379586288057e-06,0.9999985884620414,1.0,6.659110687312619e-07,4.000002663644275,4.0
15.0,32.0,0.1,17.0,5.263227849106045e-06,2.5000131580696228,2.5,8.554058696930156e-07,5.999994867564782,6.0,5.0264934547961104e-08,15.999999195761047,16.0,1.6281337451573563e-08,99.99999837186625,100,1.845484845601486e-05,1.2800236222060237,1.28,9.585553407317111e-07,12.000011502664089,12.0,1.0530401582942162e-05,1.7999810452771507,1.8,1.0143083847024259e-06,12.999986813990999,13.0,6.50386241071721e-05,0.09999349613758929,0.1,3.033194446500076e-06,1.0000030331944465,1.0,3.22350772830049e-06,3.999987105969087,4.0
15.0,64.0,0.1,1.0,5.768391669569439e-06,2.500014420979174,2.5,1.0952840575247553e-06,5.999993428295655,6.0,4.702688549684808e-07,16.00000752430168,16.0,2.240172833012366e-08,100.00000224017283,100,4.456912258005152e-06,1.2800057048476903,1.28,1.0685814465875392e-06,12.000012822977359,12.0,5.016723436421542e-06,1.7999909698978145,1.8,1.6463703644831185e-07,12.999997859718526,13.0,2.9850842432344038e-05,0.10000298508424324,0.1,1.8836993230131327e-05,1.0000188369932301,1.0,3.1771440234251713e-07,4.000001270857609,4.0
15.0,64.0,0.1,20.0,5.395609421121606e-06,2.500013489023553,2.5,6.812176878293978e-06,6.00004087306127,6.0,1.1570550650930045e-06,16.00001851288104,16.0,1.7650823210146883e-07,99.99998234917679,100,8.846012385446689e-06,1.2800113228958534,1.28,1.5230863592563537e-06,11.999981722963689,12.0,2.641753673840144e-06,1.7999952448433871,1.8,1.395456424054723e-06,13.000018140933513,13.0,0.00012919070731906568,0.10001291907073191,0.1,1.23499152460127e-05,0.999987650084754,1.0,2.3125456924955046e-06,4.00000925018277,4.0
25.0,64.0,0.1,23.0,,,2.5,,,6.0,,,16.0,,,100,,,1.28,,,12.0,,,1.8,,,13.0,,,0.1,,,1.0,,,4.0
5.0,32.0,0.1,25.0,2.333907876028718e-06,2.50000583476969,2.5,3.2547982646846663e-06,6.000019528789588,6.0,4.1346842194478484e-07,16.00000661549475,16.0,3.3403588730607223e-08,100.00000334035887,100,1.6643431693420807e-05,1.2800213035925676,1.28,6.527394199965878e-07,12.00000783287304,12.0,2.5495539171959e-05,1.7999541080294905,1.8,7.945990070368225e-07,12.999989670212909,13.0,8.153158477797184e-06,0.10000081531584779,0.1,2.4911465384191978e-05,0.9999750885346158,1.0,4.1465628206616145e-06,4.000016586251283,4.0
15.0,64.0,0.1,8.0,6.331646064339225e-07,2.499998417088484,2.5,1.6045813981217332e-06,5.999990372511611,6.0,1.1460009408104099e-07,16.000001833601505,16.0,2.7394847705863868e-08,100.00000273948477,100,1.0862377687603786e-05,1.27998609615656,1.28,1.4423755262763886e-06,11.999982691493685,12.0,3.3043529849378452e-06,1.7999940521646272,1.8,8.582988337152004e-08,13.000001115788484,13.0,4.316801380049862e-05,0.09999568319861996,0.1,2.549326189238421e-05,1.0000254932618924,1.0,1.2939783962107043e-06,4.000005175913585,4.0
15.0,64.0,0.1,14.0,5.093067377970328e-06,2.500012732668445,2.5,2.3815277410873157e-06,6.0000142891664465,6.0,9.282800410570502e-07,16.000014852480657,16.0,9.964393029804342e-08,99.99999003560697,100,8.97424362253374e-06,1.2799885129681632,1.28,1.5023740932799493e-07,12.000001802848912,12.0,5.027481667394282e-06,1.8000090494670014,1.8,3.0449978318632e-06,13.000039584971814,13.0,1.1077673589821035e-05,0.09999889223264102,0.1,9.558925050612288e-06,1.0000095589250506,1.0,8.805880953310918e-07,4.000003522352381,4.0
15.0,64.0,0.1,10.0,7.018566577698948e-07,2.4999982453583556,2.5,2.4706192928528975e-07,5.999998517628424,6.0,1.0289709224675647e-06,16.00001646353476,16.0,2.52795280744067e-07,100.00002527952807,100,4.543931873129958e-06,1.2799941837672024,1.28,6.851216574806548e-07,12.00000822145989,12.0,4.301404913611664e-06,1.8000077425288445,1.8,3.271959714313565e-06,13.000042535476286,13.0,6.59230497471186e-05,0.10000659230497472,0.1,4.087445587108718e-06,0.9999959125544129,1.0,6.053541224515513e-06,4.000024214164898,4.0
15.0,32.0,0.1,28.0,4.963806906843615e-07,2.4999987590482733,2.5,1.521067658050157e-06,6.000009126405948,6.0,2.029286336746594e-07,16.00000324685814,16.0,1.3762135125716668e-07,99.99998623786487,100,4.312811240775316e-06,1.2800055203983882,1.28,1.925655486327097e-06,12.000023107865836,12.0,6.324008507974099e-06,1.7999886167846857,1.8,1.4167046439220817e-06,13.000018417160371,13.0,1.5085234063988429e-05,0.0999984914765936,0.1,1.0368582298303508e-06,0.9999989631417702,1.0,4.924052126042966e-07,4.00000196962085,4.0
5.0,64.0,0.1,10.0,8.50094075932617e-06,2.4999787476481017,2.5,3.727204300307818e-06,6.000022363225802,6.0,6.217816397313669e-07,16.000009948506236,16.0,3.686336640384979e-08,99.99999631366336,100,5.667858330934972e-06,1.2800072548586636,1.28,1.6443730318134916e-07,12.000001973247638,12.0,2.860161390567168e-06,1.800005148290503,1.8,1.8923885561478598e-06,13.00002460105123,13.0,2.106623969988508e-06,0.099999789337603,0.1,3.5645059942579493e-06,0.9999964354940057,1.0,4.385174403598313e-07,4.000001754069761,4.0
25.0,32.0,0.1,29.0,7.41768203962323e-06,2.499981455794901,2.5,2.6350202240917517e-06,6.0000158101213446,6.0,1.059124195124106e-06,15.999983054012878,16.0,1.377580083783414e-07,100.00001377580084,100,1.0206574515420064e-05,1.2799869355846203,1.28,1.0206672961624956e-06,12.000012248007554,12.0,3.2839223575010913e-06,1.7999940889397565,1.8,7.117536482927387e-07,13.000009252797428,13.0,0.0003047249145239628,0.1000304724914524,0.1,6.413143800010346e-06,0.9999935868562,1.0,5.662584181553854e-07,4.000002265033673,4.0
25.0,64.0,0.1,11.0,5.502372778032338e-06,2.499986244068055,2.5,1.6324267138045911e-07,6.000000979456028,6.0,1.9075048296457453e-07,16.000003052007727,16.0,3.2718706393097815e-08,99.99999672812936,100,2.619019930268085e-06,1.2799966476544893,1.28,2.7617174902516695e-07,12.000003314060988,12.0,2.5473017109225694e-06,1.8000045851430797,1.8,2.3078133961116867e-07,13.000003000157415,13.0,0.00013941448098908626,0.0999860585519011,0.1,1.1634352502065681e-05,1.000011634352502,1.0,1.5496418015459312e-06,4.000006198567206,4.0
25.0,32.0,0.1,9.0,2.7794221390209374e-06,2.4999930514446524,2.5,1.886089529593941e-06,6.000011316537178,6.0,5.978409503004656e-07,16.000009565455205,16.0,5.7105324344775e-08,100.00000571053243,100,4.467178220911305e-06,1.2799942820118773,1.28,9.727010293521705e-08,11.999998832758765,12.0,3.865776951019997e-06,1.7999930416014882,1.8,5.823750685115451e-08,13.000000757087589,13.0,0.0001576601854651194,0.10001576601854652,0.1,1.1926857933275414e-05,0.9999880731420667,1.0,1.416440594370627e-06,4.0000056657623775,4.0
5.0,64.0,0.1,17.0,1.5742515142136427e-06,2.4999960643712145,2.5,2.692873969145637e-06,6.000016157243815,6.0,7.753893920270372e-07,15.999987593769728,16.0,4.867759685112105e-08,99.99999513224031,100,9.456028266831285e-06,1.2799878962838185,1.28,1.447351330341462e-06,12.000017368215964,12.0,4.6463529655858966e-06,1.799991636564662,1.8,9.964572167739596e-07,12.999987046056182,13.0,2.674573226987831e-05,0.09999732542677302,0.1,2.217170795182355e-05,0.9999778282920482,1.0,4.400981788776903e-06,4.000017603927155,4.0
25.0,64.0,0.1,3.0,3.376163781965147e-06,2.499991559590545,2.5,2.1830414271839516e-06,6.000013098248563,6.0,2.7468254870655073e-07,15.99999560507922,16.0,1.794664549947811e-07,99.9999820533545,100,1.0668296272081657e-05,1.2799863445807718,1.28,8.699184827302512e-07,12.000010439021793,12.0,9.20349323394218e-06,1.8000165662878211,1.8,4.2613269398609293e-07,13.000005539725022,13.0,7.670200935491756e-05,0.1000076702009355,0.1,2.041921232986965e-06,1.000002041921233,1.0,4.715685003264802e-06,3.999981137259987,4.0
15.0,64.0,0.1,9.0,3.3421394402211036e-06,2.4999916446513994,2.5,6.873103730598018e-07,5.999995876137762,6.0,1.2518116718762684e-06,15.99997997101325,16.0,1.8506638724602453e-07,100.00001850663872,100,3.0684260250886386e-05,1.279960724146879,1.28,2.5869945400695354e-07,12.000003104393448,12.0,9.76899708916691e-06,1.7999824158052395,1.8,1.394308067431255e-06,12.999981873995123,13.0,5.9049449070008864e-05,0.100005904944907,0.1,2.4796166981366774e-05,0.9999752038330186,1.0,2.9837076860328438e-06,3.999988065169256,4.0
25.0,32.0,0.1,11.0,7.333576487411619e-07,2.500001833394122,2.5,6.537308620361652e-09,5.999999960776148,6.0,6.015021321026381e-07,16.000009624034114,16.0,4.128003183723195e-09,99.99999958719968,100,9.581402770839076e-06,1.2799877358044534,1.28,2.526220530540968e-07,11.999996968535363,12.0,2.989998800773108e-06,1.8000053819978414,1.8,3.5650843341382088e-06,13.000046346096344,13.0,0.0002756030126353781,0.10002756030126354,0.1,1.2119073546701387e-05,0.9999878809264533,1.0,1.60955098982285e-06,3.9999935617960407,4.0
5.0,32.0,0.1,15.0,4.22102545520886e-06,2.500010552563638,2.5,2.1738929774824576e-06,6.000013043357865,6.0,3.617231857377945e-07,15.999994212429028,16.0,2.616252587017698e-08,99.99999738374741,100,1.0747808363090194e-05,1.2800137571947048,1.28,6.631759020455282e-07,12.000007958110825,12.0,2.9968414345166787e-06,1.799994605685418,1.8,2.81566496887273e-07,13.00000366036446,13.0,0.0001904979100751658,0.10001904979100752,0.1,1.5220113297353954e-05,0.9999847798867026,1.0,5.172287228516481e-06,4.000020689148914,4.0
15.0,32.0,0.1,10.0,4.783977945699291e-06,2.5000119599448642,2.5,2.2021898926638528e-07,5.999998678686064,6.0,8.707820354780793e-07,15.999986067487432,16.0,2.839474872473602e-07,100.00002839474872,100,7.4975460628151636e-06,1.2799904031410396,1.28,2.1850241616050425e-09,11.99999997377971,12.0,1.0278562670995584e-05,1.8000185014128078,1.8,1.3783752214143656e-06,13.000017918877878,13.0,0.00010461336638678542,0.10001046133663868,0.1,1.710166952051395e-05,0.9999828983304795,1.0,2.4452140696684665e-06,3.9999902191437213,4.0
15.0,64.0,0.1,23.0,9.195625153779474e-06,2.4999770109371156,2.5,2.214560406462359e-06,6.000013287362439,6.0,4.2752597484430055e-07,15.999993159584402,16.0,9.821228616146982e-08,99.99999017877138,100,1.5562917388134423e-05,1.2800199205342568,1.28,2.3523631725493508e-06,11.99997177164193,12.0,6.01167719654288e-06,1.8000108210189538,1.8,2.8726915444711776e-06,12.999962655009922,13.0,0.00012339354363441468,0.10001233935436345,0.1,5.714617730578908e-06,0.9999942853822694,1.0,6.295610873174873e-06,3.9999748175565073,4.0
25.0,32.0,0.1,21.0,5.022904345075574e-06,2.5000125572608627,2.5,3.384384853847659e-07,5.999997969369088,6.0,2.749902605625465e-08,15.999999560015583,16.0,1.365216584758855e-07,99.99998634783415,100,1.4198870761095161e-05,1.2800181745545742,1.28,5.010838746895748e-07,12.000006013006496,12.0,3.5492517734701955e-06,1.8000063886531923,1.8,5.424882136668867e-07,12.999992947653222,13.0,0.0001281939810275634,0.10001281939810276,0.1,1.5138651523471935e-06,1.0000015138651523,1.0,2.189319383449906e-06,3.999991242722466,4.0
15.0,32.0,0.1,4.0,2.9673380698369557e-06,2.4999925816548254,2.5,2.109858894261407e-06,6.000012659153366,6.0,6.320807853787969e-07,15.999989886707434,16.0,7.389074980324039e-08,99.99999261092502,100,1.2344905338419754e-05,1.2799841985211668,1.28,1.2298238862840094e-06,11.999985242113365,12.0,3.4409784075182002e-06,1.7999938062388665,1.8,1.0812786070274044e-06,13.000014056621891,13.0,0.00010049648429738545,0.10001004964842974,0.1,6.672784312655722e-06,0.9999933272156873,1.0,1.7565427257171251e-06,3.999992973829097,4.0
5.0,32.0,0.1,6.0,6.386900378352323e-06,2.500015967250946,2.5,2.3372827229195536e-08,6.000000140236963,6.0,7.994330496474689e-07,15.999987209071206,16.0,6.7785205715154e-09,100.00000067785206,100,1.8240318316355142e-05,1.279976652392555,1.28,5.032097483888739e-07,11.99999396148302,12.0,7.963462700747806e-06,1.8000143342328614,1.8,1.0133370328829344e-06,12.999986826618573,13.0,0.00017779098913844882,0.09998222090108616,0.1,7.090209576121609e-06,0.9999929097904239,1.0,2.9658789897357707e-06,4.000011863515959,4.0
25.0,64.0,0.1,30.0,1.2547724512756985e-07,2.500000313693113,2.5,2.008249151715565e-06,6.00001204949491,6.0,4.535500399693859e-07,16.00000725680064,16.0,2.0310134786427624e-07,99.99997968986521,100,4.782614177085975e-06,1.2799938782538534,1.28,6.449266760633066e-07,11.999992260879887,12.0,7.509542703232341e-06,1.8000135171768659,1.8,1.8537782727671235e-08,12.999999759008825,13.0,1.8018652842705096e-05,0.09999819813471574,0.1,2.1583811455339053e-05,0.9999784161885447,1.0,3.2792108364265715e-06,3.9999868831566543,4.0
25.0,32.0,0.1,23.0,1.0454107854940275e-07,2.4999997386473036,2.5,2.8131544748492368e-06,5.999983121073151,6.0,5.63500667682959e-07,15.999990983989317,16.0,2.9462738993402126e-07,99.999970537261,100,9.556170643167106e-06,1.2800122318984233,1.28,1.1469126349380094e-06,12.00001376295162,12.0,8.901996000590075e-06,1.799983976407199,1.8,8.901672774623665e-07,12.999988427825393,13.0,0.00010193066311531274,0.10001019306631154,0.1,4.612332025311083e-06,0.9999953876679747,1.0,2.2111339804675723e-06,3.999991155464078,4.0
25.0,64.0,0.1,22.0,,,2.5,,,6.0,,,16.0,,,100,,,1.28,,,12.0,,,1.8,,,13.0,,,0.1,,,1.0,,,4.0
15.0,32.0,0.1,18.0,3.3039848210236754e-06,2.4999917400379474,2.5,1.0000488132414869e-06,6.0000060002928794,6.0,4.2826915958027456e-07,15.999993147693447,16.0,3.29906566776117e-08,99.99999670093433,100,1.2926503125017252e-05,1.280016545924,1.28,2.302240305063208e-07,12.000002762688366,12.0,1.4880900888068915e-06,1.80000267856216,1.8,1.5366092198995864e-06,13.000019975919859,13.0,0.00013587035334078346,0.09998641296466593,0.1,1.3283196591551416e-05,1.0000132831965916,1.0,5.275001628834985e-07,4.0000021100006515,4.0
5.0,32.0,0.1,17.0,5.7655903352937795e-06,2.4999855860241618,2.5,1.7260238254953226e-06,5.999989643857047,6.0,8.004092759694714e-07,15.999987193451584,16.0,1.3713856048980232e-07,100.00001371385605,100,1.8626760727585845e-06,1.279997615774627,1.28,1.515987552528723e-06,11.99998180814937,12.0,4.86822860505202e-06,1.8000087628114891,1.8,1.3893306822264042e-06,13.000018061298869,13.0,7.360002263340215e-06,0.10000073600022634,0.1,5.292838437309655e-06,1.0000052928384373,1.0,6.534550775261216e-06,3.999973861796899,4.0
15.0,32.0,0.1,15.0,1.997063173497793e-06,2.5000049926579337,2.5,2.1940551729512e-06,6.000013164331038,6.0,2.2949952460660228e-07,15.999996328007606,16.0,2.2598107847215942e-08,100.00000225981078,100,1.0273173225300303e-05,1.2799868503382716,1.28,5.296367877605235e-08,12.000000635564145,12.0,5.279721200975492e-07,1.8000009503498162,1.8,4.7041496824380584e-07,13.000006115394587,13.0,0.00011102825193287646,0.1000111028251933,0.1,1.929973148018238e-05,0.9999807002685198,1.0,9.611062128378478e-07,3.9999961555751486,4.0
25.0,64.0,0.1,26.0,,,2.5,,,6.0,,,16.0,,,100,,,1.28,,,12.0,,,1.8,,,13.0,,,0.1,,,1.0,,,4.0
5.0,64.0,0.1,6.0,4.296796683256332e-06,2.499989258008292,2.5,7.578395352740112e-07,5.999995452962788,6.0,7.456668680294598e-07,16.00001193066989,16.0,2.5626065962569556e-07,100.00002562606596,100,5.8581251242278976e-06,1.280007498400159,1.28,1.488904330197253e-07,11.999998213314804,12.0,9.830931736454218e-06,1.8000176956771257,1.8,1.481709488369522e-06,13.000019262223349,13.0,2.0747059046727356e-05,0.10000207470590468,0.1,2.2455712458624433e-05,1.0000224557124586,1.0,5.058977454730496e-07,4.000002023590982,4.0
5.0,64.0,0.1,28.0,7.177163153926358e-06,2.500017942907885,2.5,4.851417000721152e-06,5.999970891497996,6.0,9.473188627984186e-07,15.999984842898195,16.0,1.8123542560033458e-07,100.00001812354256,100,1.3104795446722273e-06,1.2799983225861828,1.28,6.68680924409415e-07,11.999991975828907,12.0,1.1416217081548929e-06,1.7999979450809254,1.8,7.888502459798893e-07,13.000010255053198,13.0,2.180355960224034e-06,0.10000021803559603,0.1,1.239831282973114e-06,1.000001239831283,1.0,3.4918847501286265e-06,3.9999860324609995,4.0
5.0,64.0,0.1,5.0,2.6236335028073655e-06,2.499993440916243,2.5,2.157189022966577e-07,5.999998705686586,6.0,8.194514193871072e-07,16.00001311122271,16.0,1.774447014213365e-08,99.99999822555299,100,5.345199166444103e-06,1.280006841854933,1.28,5.390206436750589e-07,11.999993531752276,12.0,6.848171806171797e-07,1.799998767329075,1.8,1.7986172962626877e-06,12.999976617975149,13.0,3.323065014659843e-05,0.09999667693498535,0.1,4.019359421736368e-06,1.0000040193594217,1.0,1.5749672648279756e-06,3.9999937001309407,4.0
15.0,32.0,0.1,3.0,1.1979184494137484e-06,2.5000029947961235,2.5,8.183810074058329e-07,6.000004910286044,6.0,7.862048128082222e-07,16.000012579277005,16.0,1.1600548646129028e-07,99.99998839945135,100,4.243879225818148e-06,1.279994567834591,1.28,3.2191247415861807e-07,11.99999613705031,12.0,1.60778013327503e-05,1.800028940042399,1.8,1.121711541566347e-06,12.99998541774996,13.0,8.915073593296352e-05,0.1000089150735933,0.1,3.613122352197351e-06,0.9999963868776478,1.0,1.2146829196924003e-06,3.9999951412683212,4.0
15.0,64.0,0.1,7.0,9.430599561177644e-06,2.500023576498903,2.5,3.099798433344366e-06,5.9999814012094,6.0,1.130956814643369e-06,16.000018095309034,16.0,2.859583190684134e-08,100.00000285958319,100,1.0376372368454956e-05,1.2799867182433684,1.28,1.0457515552767898e-06,12.000012549018663,12.0,1.145083551300373e-05,1.8000206115039235,1.8,1.3323252797083394e-06,13.000017320228636,13.0,3.653391037014564e-05,0.09999634660896299,0.1,1.0689691274157198e-05,1.0000106896912742,1.0,2.990125326673976e-06,4.000011960501307,4.0
5.0,64.0,0.1,12.0,1.9289434568747766e-06,2.500004822358642,2.5,3.138027612722046e-06,5.999981171834324,6.0,2.609011766629976e-07,16.000004174418827,16.0,2.461520053032018e-07,99.99997538479947,100,2.8873903575206417e-05,1.2799630414034238,1.28,1.1715012807241483e-06,11.999985941984631,12.0,1.6495742143228674e-05,1.7999703076641422,1.8,4.372639101400357e-07,12.999994315569168,13.0,0.00016666211003699138,0.1000166662110037,0.1,4.676389329660857e-06,0.9999953236106703,1.0,3.6520781565574367e-06,4.000014608312626,4.0
25.0,32.0,0.1,20.0,5.178691334961627e-06,2.5000129467283374,2.5,8.279054627043554e-08,6.000000496743278,6.0,9.37275519419245e-08,16.00000149964083,16.0,4.954095942366621e-08,99.99999504590406,100,2.282386524915525e-05,1.280029214547519,1.28,1.5684978906804758e-06,11.999981178025312,12.0,5.151139062335257e-06,1.7999907279496878,1.8,5.625977387889127e-07,12.999992686229396,13.0,0.00023134978596364708,0.10002313497859637,0.1,1.0592459108504926e-05,1.0000105924591085,1.0,4.281252207416486e-06,4.00001712500883,4.0
5.0,32.0,0.1,3.0,2.716626501353403e-06,2.5000067915662534,2.5,7.357434975337659e-07,6.000004414460985,6.0,4.991954285493705e-07,16.000007987126857,16.0,3.1806346910912e-07,99.99996819365309,100,1.8194703766544196e-05,1.2800232892208212,1.28,1.2359161045694123e-06,12.000014830993255,12.0,1.782079563299948e-06,1.800003207743214,1.8,2.938199380891477e-07,12.999996180340805,13.0,0.00019684347859524887,0.09998031565214048,0.1,2.1590808479299284e-05,1.0000215908084793,1.0,3.451869051707135e-07,3.9999986192523793,4.0
5.0,64.0,0.1,11.0,5.230009902490451e-06,2.5000130750247562,2.5,2.280394276669521e-06,6.00001368236566,6.0,1.295188980954265e-06,16.000020723023695,16.0,3.872398872317717e-07,100.00003872398872,100,1.6173439715966298e-05,1.2799792979971636,1.28,1.8043921379273797e-06,12.000021652705655,12.0,4.1423687011407947e-07,1.7999992543736338,1.8,9.68903189884757e-07,12.999987404258531,13.0,4.215646554617258e-06,0.10000042156465547,0.1,2.8960767222807604e-05,1.0000289607672228,1.0,1.578747407471326e-06,4.00000631498963,4.0
25.0,64.0,0.1,24.0,2.1555545043128176e-06,2.499994611113739,2.5,2.788371540329848e-06,5.999983269770758,6.0,1.2407182532481187e-06,16.000019851492052,16.0,9.123644034048085e-08,100.00000912364403,100,1.0036028822053844e-05,1.2799871538831078,1.28,4.834094489147844e-07,11.999994199086613,12.0,3.0830018599776247e-07,1.8000005549403348,1.8,2.3166539742957272e-07,13.000003011650167,13.0,0.0001996425291035664,0.10001996425291036,0.1,3.4227830862931796e-06,0.9999965772169137,1.0,2.689988341852967e-06,3.9999892400466326,4.0
25.0,32.0,0.1,3.0,2.40210328161794e-06,2.500006005258204,2.5,1.2876269227154087e-06,6.000007725761536,6.0,1.752701761503772e-08,16.000000280432282,16.0,1.4146061971587187e-07,99.99998585393803,100,2.1728787619884615e-06,1.2799972187151847,1.28,1.101096025172647e-06,12.000013213152302,12.0,1.4661272577222286e-05,1.799973609709361,1.8,1.2288667854239047e-06,12.99998402473179,13.0,2.3148440565917694e-05,0.09999768515594341,0.1,2.3000972148357057e-05,0.9999769990278516,1.0,5.870776087490981e-09,4.000000023483104,4.0
5.0,64.0,0.1,23.0,5.917358073226353e-06,2.500014793395183,2.5,4.850431841507685e-06,5.999970897408951,6.0,5.51168338303043e-07,15.999991181306587,16.0,6.65368025920543e-08,100.00000665368026,100,1.3980980510808205e-05,1.2799821043449462,1.28,1.789835147499493e-06,11.99997852197823,12.0,8.422345823729435e-06,1.7999848397775173,1.8,2.396407290042099e-07,12.999996884670523,13.0,0.00015585030692558122,0.10001558503069256,0.1,4.841936063759711e-06,0.9999951580639362,1.0,5.019304101683275e-06,4.000020077216407,4.0
5.0,32.0,0.1,7.0,2.1773968967409017e-06,2.499994556507758,2.5,2.1350762713368e-07,6.000001281045763,6.0,5.199013937140506e-07,16.0000083184223,16.0,3.854611918541195e-10,100.00000003854612,100,9.502547109081771e-06,1.2800121632602997,1.28,9.065133063460943e-07,12.000010878159676,12.0,1.3037845512591733e-05,1.8000234681219227,1.8,1.1545139695538882e-07,13.00000150086816,13.0,0.00017717917305565267,0.09998228208269444,0.1,1.2512672479370046e-05,0.9999874873275206,1.0,3.742072272938657e-06,4.000014968289092,4.0
5.0,32.0,0.1,5.0,1.5058487880814653e-05,2.499962353780298,2.5,2.245546135259957e-06,6.000013473276812,6.0,2.265080155217092e-06,16.000036241282483,16.0,3.4754718711838e-08,100.00000347547187,100,5.545009388457922e-06,1.2799929023879828,1.28,1.3004227414903369e-06,12.000015605072898,12.0,7.668592020652436e-08,1.8000001380346564,1.8,2.351140879251436e-07,12.999996943516857,13.0,0.00010643398027268547,0.10001064339802727,0.1,6.157907142201324e-06,0.9999938420928578,1.0,6.070432574389883e-07,4.00000242817303,4.0
25.0,32.0,0.1,1.0,1.4049836336127442e-06,2.500003512459084,2.5,8.632908962506273e-07,6.0000051797453775,6.0,3.429812400757015e-08,15.999999451230016,16.0,1.4991641577921655e-07,99.99998500835842,100,1.389228557364952e-06,1.2800017782125535,1.28,1.1738292275964568e-06,11.999985914049269,12.0,2.445671685786305e-06,1.8000044022090345,1.8,1.1229965915814632e-06,12.99998540104431,13.0,0.00024452974242597514,0.1000244529742426,0.1,6.662921269939837e-06,0.9999933370787301,1.0,3.5247567977680916e-06,3.999985900972809,4.0
25.0,32.0,0.1,16.0,4.198350443651577e-06,2.499989504123891,2.5,4.838244398452929e-06,6.000029029466391,6.0,4.3212081246579714e-08,16.0000006913933,16.0,6.338297254160352e-08,99.99999366170275,100,3.749349949608294e-06,1.2799952008320645,1.28,1.3718989322342168e-06,12.000016462787187,12.0,1.5141459326474384e-05,1.8000272546267877,1.8,5.258715215078907e-07,12.99999316367022,13.0,0.00021255107713072374,0.10002125510771308,0.1,2.1024414201820107e-06,0.9999978975585798,1.0,7.345854955431719e-07,3.999997061658018,4.0
25.0,32.0,0.1,25.0,3.423315635764368e-06,2.5000085582890894,2.5,4.824009563512514e-06,6.000028944057381,6.0,1.8247748800881425e-06,15.999970803601919,16.0,3.729238315486327e-08,100.00000372923832,100,1.144522625909361e-05,1.2800146498896117,1.28,9.437334784756501e-07,12.000011324801742,12.0,3.6698495692938985e-06,1.8000066057292248,1.8,1.118102668092783e-06,13.000014535334685,13.0,9.719261703497462e-05,0.1000097192617035,0.1,2.7540330471698127e-06,0.9999972459669528,1.0,1.1811782796300463e-06,4.0000047247131185,4.0
5.0,32.0,0.1,12.0,9.936890844564062e-06,2.4999751577728886,2.5,4.086548735700764e-06,6.000024519292414,6.0,3.189077093512793e-07,16.00000510252335,16.0,1.4143443294756252e-07,100.0000141434433,100,2.0510677068395766e-05,1.2799737463333525,1.28,4.4650936666575564e-07,12.0000053581124,12.0,7.3648169818252285e-06,1.8000132566705673,1.8,9.221239975359524e-07,13.000011987611968,13.0,0.00016495384946760283,0.09998350461505325,0.1,6.551581795521955e-06,1.0000065515817955,1.0,2.448658232290235e-06,3.999990205367071,4.0
5.0,64.0,0.1,20.0,5.846383141694389e-06,2.5000146159578542,2.5,3.2319332814445545e-06,5.999980608400311,6.0,9.200023944888613e-07,16.000014720038312,16.0,2.0213871380292402e-07,100.00002021387138,100,5.323841811843977e-06,1.2799931854824809,1.28,1.620720864181635e-06,12.00001944865037,12.0,8.096796650801528e-06,1.8000145742339715,1.8,9.621738201395567e-07,12.999987491740338,13.0,1.7374348387777516e-05,0.09999826256516123,0.1,5.139955135069485e-06,1.000005139955135,1.0,5.353678196651224e-06,3.9999785852872134,4.0
15.0,64.0,0.1,6.0,5.440179751659003e-06,2.500013600449379,2.5,1.1026300562969975e-06,5.999993384219662,6.0,1.2926084711484265e-06,16.00002068173554,16.0,1.6879497763966356e-08,99.99999831205022,100,7.724357408041282e-06,1.2800098871774823,1.28,4.489323535139533e-08,12.000000538718824,12.0,3.4312350002026664e-06,1.7999938237769997,1.8,8.419696087003103e-07,13.000010945604913,13.0,0.0002108352214065523,0.10002108352214066,0.1,1.7559707556125126e-05,0.9999824402924439,1.0,1.8861567072647745e-06,3.999992455373171,4.0
5.0,32.0,0.1,18.0,5.95830293903532e-06,2.4999851042426524,2.5,3.290735032616491e-08,6.000000197444102,6.0,1.1511794273388887e-07,16.000001841887084,16.0,1.0641317743420587e-07,100.00001064131774,100,4.035101188251677e-06,1.280005164929521,1.28,8.259234672477097e-07,11.999990088918393,12.0,4.68887312026705e-06,1.8000084399716165,1.8,1.8215660446685433e-07,12.999997631964142,13.0,8.759624868723281e-05,0.09999124037513128,0.1,1.3879867235555565e-06,0.9999986120132764,1.0,6.119597759424167e-06,4.000024478391038,4.0
25.0,64.0,0.1,18.0,1.2777576657185818e-06,2.5000031943941643,2.5,3.190079681895478e-08,5.999999808595219,6.0,2.3127405590628314e-07,16.000003700384895,16.0,1.2598712444855665e-07,100.00001259871244,100,4.1809319374641607e-07,1.279999464840712,1.28,1.7853152511904113e-06,12.000021423783014,12.0,7.390592158756309e-06,1.8000133030658858,1.8,2.65239554654893e-06,12.999965518857895,13.0,0.00026189016516797725,0.1000261890165168,0.1,9.236230185782901e-06,1.0000092362301858,1.0,1.6515279714912623e-06,3.999993393888114,4.0
15.0,64.0,0.1,12.0,7.69371752173953e-06,2.5000192342938043,2.5,5.5515700333093797e-08,6.000000333094202,6.0,1.3924294073319743e-06,15.999977721129483,16.0,8.639210690830624e-08,99.99999136078931,100,4.433691656695327e-06,1.2799943248746795,1.28,9.529325106782949e-07,11.999988564809872,12.0,4.117330190863318e-06,1.7999925888056565,1.8,1.0908488061563031e-07,12.999998581896552,13.0,0.00010924742738976922,0.10001092474273898,0.1,7.409892929022277e-06,1.000007409892929,1.0,4.1178524012863704e-07,4.0000016471409605,4.0
25.0,32.0,0.1,28.0,1.9829095831980226e-06,2.500004957273958,2.5,1.4344476835977578e-06,5.999991393313898,6.0,4.773098644106355e-07,15.99999236304217,16.0,1.0687181571711335e-07,100.00001068718157,100,1.7375590315518719e-06,1.2799977759244396,1.28,1.695099687726298e-06,12.000020341196253,12.0,2.6862208257760756e-06,1.7999951648025136,1.8,1.4100175643140853e-06,12.999981669771664,13.0,2.684993784321521e-05,0.09999731500621568,0.1,1.7161246572694466e-06,0.9999982838753427,1.0,1.654234932590981e-06,4.00000661693973,4.0
25.0,32.0,0.1,7.0,5.640050034116939e-07,2.5000014100125085,2.5,4.365535484366727e-06,5.999973806787094,6.0,5.628115579137116e-07,15.999990995015073,16.0,2.214490072560693e-07,99.99997785509927,100,2.9164565177805524e-06,1.2799962669356573,1.28,4.549946167979139e-08,11.99999945400646,12.0,7.150667390678736e-06,1.7999871287986968,1.8,1.7998717656115996e-06,13.000023398332953,13.0,5.287342019225094e-05,0.09999471265798078,0.1,2.2049387427003353e-06,1.0000022049387427,1.0,1.0897241724983076e-05,3.9999564110331,4.0
25.0,64.0,0.1,21.0,7.101706920309425e-08,2.499999822457327,2.5,1.1318356102722287e-06,6.000006791013662,6.0,5.285382778108527e-07,16.000008456612445,16.0,1.926168715726817e-07,99.99998073831284,100,7.823392199346468e-06,1.2800100139420152,1.28,1.0120666260604594e-07,12.000001214479951,12.0,4.74013286831819e-06,1.800008532239163,1.8,5.094956623434672e-07,13.00000662344361,13.0,0.00015750562185126715,0.09998424943781488,0.1,4.697343080461991e-05,0.9999530265691954,1.0,3.7870376964344032e-06,3.9999848518492143,4.0
15.0,32.0,0.1,14.0,8.987664594783951e-07,2.5000022469161487,2.5,7.782278159673695e-07,5.999995330633104,6.0,7.594055669857269e-07,15.999987849510928,16.0,7.139698453784149e-08,99.99999286030155,100,7.322476420698609e-06,1.2799906272301815,1.28,7.331870569930269e-07,11.999991201755316,12.0,1.6839671768131836e-06,1.7999969688590818,1.8,2.221357705368431e-06,12.99997112234983,13.0,3.546674970017483e-05,0.10000354667497002,0.1,5.6511738666387146e-06,1.0000056511738666,1.0,1.6187048692550832e-06,3.999993525180523,4.0
5.0,64.0,0.1,18.0,6.690998029768025e-06,2.5000167274950744,2.5,1.277366579325682e-06,6.000007664199476,6.0,5.361209123311284e-07,16.000008577934597,16.0,7.809607140529806e-08,100.00000780960714,100,1.2123036932654152e-05,1.2800155174872738,1.28,1.5274768916384573e-06,12.0000183297227,12.0,1.7176916753156331e-06,1.7999969081549845,1.8,5.832151519331757e-07,12.999992418203025,13.0,0.00023995595858139485,0.09997600440414187,0.1,3.0511469923943935e-06,0.9999969488530076,1.0,4.571221581262108e-07,4.0000018284886325,4.0
15.0,32.0,0.1,8.0,3.388405466786537e-06,2.499991528986333,2.5,3.326250292830698e-06,5.999980042498243,6.0,5.968270713196944e-07,16.00000954923314,16.0,1.3724288194794099e-07,99.9999862757118,100,3.888231920289031e-06,1.279995023063142,1.28,1.4691909533404157e-06,12.00001763029144,12.0,3.8075491283330443e-06,1.799993146411569,1.8,7.223069409598373e-07,12.999990610009768,13.0,2.3793912160285924e-05,0.10000237939121603,0.1,4.116787033470182e-05,0.9999588321296653,1.0,8.734502621177143e-07,4.0000034938010485,4.0
5.0,64.0,0.1,9.0,6.537525549532574e-06,2.499983656186126,2.5,6.270808707261229e-06,5.999962375147756,6.0,4.0148471347478676e-07,16.000006423755416,16.0,2.220423752419265e-08,100.00000222042375,100,1.002296857264412e-05,1.279987170600227,1.28,9.834542321248325e-07,12.000011801450785,12.0,1.119145291316058e-05,1.8000201446152437,1.8,1.6983426744259916e-06,12.999977921545232,13.0,0.00011135666842673753,0.09998886433315733,0.1,8.090433793572771e-06,1.0000080904337936,1.0,4.404761582810224e-06,4.000017619046331,4.0
5.0,32.0,0.1,20.0,2.8827199018977012e-06,2.4999927932002453,2.5,2.5437473392860475e-06,6.000015262484036,6.0,1.7030085175395726e-06,16.00002724813628,16.0,1.2227202944359306e-07,100.00001222720294,100,3.9057695671446124e-07,1.2800004999385046,1.28,2.2556565297075318e-07,12.000002706787836,12.0,8.407280601696598e-06,1.800015133105083,1.8,5.966377640148196e-07,12.999992243709068,13.0,4.0366884938858316e-05,0.09999596331150612,0.1,4.734136312967152e-06,1.000004734136313,1.0,3.2499636206662075e-06,3.9999870001455173,4.0
15.0,32.0,0.1,19.0,6.4815548910246434e-06,2.4999837961127724,2.5,1.2299708194163372e-06,6.0000073798249165,6.0,5.655251544833817e-08,15.999999095159753,16.0,9.919962010940254e-08,99.99999008003799,100,6.223379946795893e-07,1.2799992034073668,1.28,1.1863530355131029e-06,11.999985763763574,12.0,1.9286041416963527e-06,1.799996528512545,1.8,4.069664946917748e-08,13.000000529056443,13.0,2.0646051406419952e-05,0.09999793539485936,0.1,8.153298465152226e-06,0.9999918467015348,1.0,1.797769396350013e-06,3.9999928089224146,4.0
25.0,64.0,0.1,28.0,,,2.5,,,6.0,,,16.0,,,100,,,1.28,,,12.0,,,1.8,,,13.0,,,0.1,,,1.0,,,4.0
15.0,32.0,0.1,23.0,1.1303536197715403e-06,2.4999971741159506,2.5,2.0119121521370667e-06,5.999987928527087,6.0,1.5643537056853063e-06,16.00002502965929,16.0,7.403479429513027e-09,100.00000074034794,100,2.608293280491336e-06,1.279996661384601,1.28,2.3712559308701012e-07,12.000002845507117,12.0,2.8687014275163847e-06,1.8000051636625696,1.8,7.434778796030409e-08,12.999999033478757,13.0,4.5744405176711966e-05,0.09999542555948233,0.1,2.580131949869724e-06,1.0000025801319499,1.0,3.563075000601046e-07,3.9999985747699998,4.0
25.0,32.0,0.1,13.0,3.2014092408161334e-07,2.50000080035231,2.5,9.682707869570113e-07,6.000005809624722,6.0,8.067153323132459e-08,16.00000129074453,16.0,1.2284154593089625e-07,100.0000122841546,100,4.833959444880409e-06,1.2800061874680895,1.28,1.3477591980226578e-06,12.000016173110376,12.0,1.3694466981764265e-05,1.7999753499594329,1.8,1.7687667789910113e-06,13.000022993968127,13.0,7.770499028100786e-05,0.0999922295009719,0.1,1.709344634626131e-05,0.9999829065536537,1.0,3.2145298933805577e-06,4.0000128581195735,4.0
5.0,32.0,0.1,30.0,6.783432841217518e-06,2.500016958582103,2.5,1.4186682366634784e-06,5.99999148799058,6.0,8.30803809748204e-07,16.000013292860956,16.0,2.3889259921361372e-08,99.99999761107401,100,1.5288842034229255e-05,1.2799804302821962,1.28,5.318026172022409e-07,11.999993618368594,12.0,5.7933190790294805e-06,1.8000104279743423,1.8,5.9425801852013976e-08,13.000000772535424,13.0,9.201858752541647e-05,0.10000920185875255,0.1,3.530965064113545e-06,1.0000035309650641,1.0,1.2448700850153926e-06,4.00000497948034,4.0
25.0,64.0,0.1,9.0,4.73610059934515e-06,2.5000118402514984,2.5,1.4334156096159252e-06,5.999991399506342,6.0,1.375799647873599e-06,15.999977987205634,16.0,7.485684790253799e-08,99.99999251431521,100,5.886551763395476e-06,1.2799924652137429,1.28,2.3065021788800286e-07,12.000002767802615,12.0,4.8443962323100704e-06,1.8000087199132182,1.8,2.9283279568713937e-07,13.000003806826344,13.0,1.9256691520391778e-05,0.10000192566915204,0.1,4.0457740002830533e-05,1.0000404577400028,1.0,2.0341337503282375e-07,3.9999991863465,4.0
25.0,64.0,0.1,17.0,,,2.5,,,6.0,,,16.0,,,100,,,1.28,,,12.0,,,1.8,,,13.0,,,0.1,,,1.0,,,4.0
25.0,64.0,0.1,13.0,4.363282392638723e-06,2.5000109082059816,2.5,3.3590973118613476e-06,6.000020154583871,6.0,1.1296286179796056e-06,15.999981925942112,16.0,4.170106450374078e-08,99.99999582989355,100,9.961530978742916e-06,1.2799872492403472,1.28,6.060042592181958e-07,11.99999272794889,12.0,3.307664271984873e-06,1.8000059537956896,1.8,5.150872404158235e-07,13.000006696134125,13.0,1.32417794648787e-05,0.09999867582205352,0.1,1.646618718620374e-05,1.0000164661871862,1.0,3.951494772613806e-06,3.9999841940209095,4.0
25.0,32.0,0.1,24.0,4.181768614941461e-06,2.4999895455784626,2.5,3.7900250675626523e-06,6.000022740150405,6.0,9.303484891365343e-07,15.999985114424174,16.0,1.4453881050258133e-07,100.00001445388105,100,2.6358829841033327e-07,1.280000337393022,1.28,6.475611164328635e-07,11.999992229266603,12.0,2.5235520611449006e-06,1.80000454239371,1.8,1.8557564674691864e-07,12.999997587516592,13.0,0.0001142497119646646,0.09998857502880354,0.1,1.0587264872574664e-05,0.9999894127351274,1.0,4.3641995628451724e-07,3.999998254320175,4.0
15.0,32.0,0.1,6.0,1.1854754280449243e-07,2.499999703631143,2.5,1.3686423594450048e-07,6.000000821185416,6.0,1.2498966202034723e-06,15.999980001654077,16.0,3.5429300027089995e-08,99.99999645707,100,3.841001828402968e-06,1.2800049164823404,1.28,1.8169559486599005e-07,12.000002180347138,12.0,1.2712493358114764e-05,1.7999771175119554,1.8,2.0344504282941392e-07,12.999997355214443,13.0,1.7206251774620762e-05,0.10000172062517747,0.1,8.479723156096242e-06,1.000008479723156,1.0,8.886180029588076e-07,4.000003554472012,4.0
15.0,64.0,0.1,29.0,3.0643402141095065e-06,2.5000076608505353,2.5,3.4408742060065833e-06,6.000020645245236,6.0,1.8006047461938124e-06,15.999971190324061,16.0,2.2596290563114963e-07,100.00002259629056,100,9.387131064651777e-06,1.2800120155277628,1.28,3.547688112170988e-07,11.999995742774265,12.0,2.9540837095017496e-06,1.8000053173506771,1.8,6.181657926053783e-07,13.000008036155304,13.0,7.128618319043878e-05,0.09999287138168096,0.1,1.3873810004283449e-05,0.9999861261899957,1.0,7.196638085238405e-06,4.000028786552341,4.0
25.0,64.0,0.1,20.0,,,2.5,,,6.0,,,16.0,,,100,,,1.28,,,12.0,,,1.8,,,13.0,,,0.1,,,1.0,,,4.0
25.0,32.0,0.1,14.0,1.081819737258627e-06,2.499997295450657,2.5,3.0855646563724783e-06,6.000018513387938,6.0,9.230545929828082e-07,16.000014768873488,16.0,2.571311760846129e-07,99.99997428688239,100,1.123065431849618e-05,1.2800143752375277,1.28,2.770123592732432e-07,12.000003324148311,12.0,4.2540973304521715e-06,1.7999923426248052,1.8,1.2282701993954632e-07,13.00000159675126,13.0,5.6098475864629904e-08,0.09999999439015242,0.1,1.6576033142756685e-05,0.9999834239668572,1.0,6.914516806899584e-06,4.000027658067228,4.0
25.0,32.0,0.1,10.0,6.055118221937051e-07,2.5000015137795555,2.5,8.915472832586128e-07,6.0000053492836996,6.0,7.523095358896725e-07,15.999987963047426,16.0,9.521147291025045e-08,100.00000952114729,100,5.718357442251187e-06,1.279992680502474,1.28,2.322391881766824e-07,12.000002786870258,12.0,2.6751076805571947e-06,1.800004815193825,1.8,2.0796129864318294e-07,13.000002703496882,13.0,2.305016535392168e-05,0.1000023050165354,0.1,1.1796549805431766e-05,1.0000117965498054,1.0,3.461747174804408e-06,3.999986153011301,4.0
5.0,32.0,0.1,28.0,3.685357379268339e-06,2.500009213393448,2.5,2.120472081479363e-06,6.000012722832489,6.0,6.398043500555062e-07,15.9999897631304,16.0,1.353785592073109e-08,99.99999864621441,100,2.5553570873540488e-05,1.2800327085707182,1.28,1.0694264659013204e-07,11.999998716688241,12.0,3.285886243345162e-06,1.800005914595238,1.8,9.045174185036313e-07,12.99998824127356,13.0,5.0712576670775e-05,0.10000507125766708,0.1,3.3951892286498975e-06,1.0000033951892286,1.0,1.1468032850014964e-06,4.00000458721314,4.0
5.0,32.0,0.1,19.0,4.9756733190520205e-06,2.4999875608167024,2.5,8.820245332626561e-07,5.9999947078528,6.0,1.7759790704729994e-07,15.999997158433487,16.0,3.056630788478287e-09,99.99999969433692,100,1.4008406016251251e-05,1.2800179307597008,1.28,1.5597441442120422e-07,12.000001871692973,12.0,1.53307844287366e-05,1.8000275954119718,1.8,5.710707164588222e-07,12.999992576080686,13.0,0.0001041645214047704,0.10001041645214048,0.1,1.5373230559889706e-05,1.00001537323056,1.0,2.0300203520395854e-06,3.999991879918592,4.0
15.0,32.0,0.1,27.0,1.5734940159717325e-07,2.500000393373504,2.5,9.54493593200804e-07,5.999994273038441,6.0,4.277852705403262e-07,15.999993155435671,16.0,1.7160242563818428e-07,99.99998283975744,100,3.3257702633515684e-07,1.2799995743014063,1.28,3.5958883204401104e-07,11.999995684934015,12.0,2.752167510185662e-06,1.8000049539015184,1.8,6.833246340730826e-07,13.000008883220243,13.0,8.245533139217276e-05,0.10000824553313922,0.1,4.993629844074476e-06,1.000004993629844,1.0,1.6937001766637039e-06,3.9999932251992933,4.0
15.0,64.0,0.1,27.0,2.348267767615653e-06,2.499994129330581,2.5,4.873840544779758e-06,6.000029243043269,6.0,1.580485640140239e-07,15.999997471222976,16.0,1.5406006497187265e-07,100.0000154060065,100,1.9072971542410944e-06,1.2800024413403575,1.28,1.5551629979349002e-06,12.000018661955975,12.0,1.5556089529855655e-05,1.7999719990388463,1.8,6.729207390284623e-07,12.999991252030393,13.0,3.094424160327014e-05,0.09999690557583968,0.1,5.686117606540364e-06,1.0000056861176065,1.0,1.1919408391403152e-06,4.000004767763357,4.0
25.0,32.0,0.1,17.0,2.4450222726457582e-06,2.5000061125556816,2.5,1.24334022810757e-06,6.000007460041369,6.0,2.0453027227418374e-07,16.000003272484356,16.0,1.2163726324843084e-07,99.99998783627368,100,6.6122470533669375e-06,1.2800084636762283,1.28,1.0214402495674808e-06,12.000012257282995,12.0,2.696149598641679e-07,1.7999995146930723,1.8,9.303233885140991e-07,13.00001209420405,13.0,8.469387298287723e-05,0.1000084693872983,0.1,1.1941513730961972e-05,1.000011941513731,1.0,1.7952425170886244e-06,4.000007180970068,4.0
5.0,64.0,0.1,24.0,3.0620445855333855e-06,2.500007655111464,2.5,1.7786368881426522e-06,5.999989328178671,6.0,7.712072792598335e-07,15.999987660683532,16.0,1.0123976835529902e-07,99.99998987602316,100,3.197315531673628e-05,1.2799590743611946,1.28,1.178113568774582e-06,12.000014137362825,12.0,4.860280475366747e-06,1.7999912514951444,1.8,8.16650288316422e-07,13.000010616453748,13.0,9.659246975074476e-05,0.10000965924697508,0.1,2.125050625356728e-05,1.0000212505062536,1.0,1.1607537864222195e-06,4.000004643015146,4.0
15.0,32.0,0.1,26.0,4.154466433448078e-06,2.5000103861660836,2.5,2.265543670887382e-06,5.999986406737975,6.0,7.440719499429704e-07,15.999988094848801,16.0,9.612983973283917e-09,100.0000009612984,100,2.704733393851799e-07,1.2800003462058744,1.28,4.2095870996424384e-07,12.00000505150452,12.0,4.5235248194133405e-06,1.800008142344675,1.8,1.4394107240834642e-06,13.000018712339413,13.0,6.419263799795072e-05,0.1000064192637998,0.1,1.777434385474841e-05,0.9999822256561453,1.0,3.173109228260529e-06,4.000012692436913,4.0
15.0,32.0,0.1,21.0,1.1680105097866545e-05,2.5000292002627447,2.5,1.5531769238149213e-06,5.999990680938457,6.0,7.372018753226683e-07,16.000011795230005,16.0,3.070969626151054e-08,99.99999692903037,100,8.527137560637721e-06,1.2799890852639224,1.28,5.346599033136575e-07,11.99999358408116,12.0,8.85573044636286e-06,1.7999840596851966,1.8,5.890118903386984e-07,13.000007657154574,13.0,1.1329942999072085e-05,0.0999988670057001,0.1,3.249817649431108e-07,0.9999996750182351,1.0,1.2087841982921788e-06,3.999995164863207,4.0
25.0,64.0,0.1,19.0,,,2.5,,,6.0,,,16.0,,,100,,,1.28,,,12.0,,,1.8,,,13.0,,,0.1,,,1.0,,,4.0
15.0,64.0,0.1,30.0,5.155519697197519e-06,2.499987111200757,2.5,8.318001256668595e-07,6.000004990800754,6.0,4.237806462414895e-07,15.99999321950966,16.0,1.4952341885532407e-07,99.99998504765811,100,7.101393163441716e-06,1.2799909102167508,1.28,8.790146720135302e-07,11.999989451823936,12.0,2.182295553401461e-06,1.8000039281319962,1.8,2.7138715003124284e-06,13.000035280329504,13.0,1.6312224639797313e-05,0.09999836877753603,0.1,1.304000466650912e-05,1.0000130400046665,1.0,5.682242768534351e-06,3.999977271028926,4.0
15.0,32.0,0.1,5.0,7.67515747899239e-06,2.5000191878936975,2.5,2.4139747947238277e-06,5.999985516151232,6.0,2.385237527158246e-06,15.999961836199565,16.0,5.864244059239354e-08,100.00000586424406,100,2.5457850849099073e-05,1.2799674139509132,1.28,1.999791227428697e-07,11.999997600250527,12.0,7.041301658529243e-06,1.8000126743429854,1.8,4.202109508902105e-07,12.999994537257638,13.0,6.0509948032611005e-05,0.09999394900519674,0.1,1.0024833650534859e-05,0.9999899751663495,1.0,8.786996368304045e-07,4.000003514798547,4.0
5.0,64.0,0.1,7.0,1.2876019671814731e-05,2.5000321900491795,2.5,4.08219874881155e-06,5.999975506807507,6.0,2.9508726950844277e-07,16.000004721396312,16.0,1.4257878163448368e-07,99.99998574212184,100,3.469630075261798e-06,1.2799955588735037,1.28,3.7837786000712487e-07,12.00000454053432,12.0,2.2463122230210864e-06,1.7999959566379986,1.8,7.864997199155036e-07,12.999989775503641,13.0,9.477001489469061e-05,0.09999052299851054,0.1,1.0240040223985503e-05,0.999989759959776,1.0,2.376228878553377e-06,4.000009504915514,4.0
15.0,32.0,0.1,29.0,5.031676449895883e-06,2.5000125791911247,2.5,1.1741043512240406e-06,6.000007044626107,6.0,2.8577447456212823e-06,15.99995427608407,16.0,1.2846881247696729e-08,99.99999871531188,100,2.781825638245583e-06,1.280003560736817,1.28,1.0872529188077351e-07,11.999998695296497,12.0,2.781590301672823e-06,1.800005006862543,1.8,1.416448425354352e-06,12.99998158617047,13.0,7.487467338265774e-05,0.10000748746733827,0.1,5.660611490654333e-07,0.9999994339388509,1.0,2.8967053524731057e-06,4.00001158682141,4.0
5.0,64.0,0.1,22.0,4.723023130281944e-06,2.5000118075578257,2.5,1.2057714561623338e-06,6.000007234628737,6.0,1.8203017220219664e-06,16.000029124827552,16.0,1.1928550065931632e-07,99.99998807144993,100,7.39806236757512e-07,1.280000946951983,1.28,6.427531523319393e-07,12.000007713037828,12.0,3.350116997270626e-06,1.799993969789405,1.8,1.4149066924591562e-06,13.000018393787002,13.0,6.799715800795414e-05,0.09999320028419921,0.1,5.7198513573331056e-06,0.9999942801486427,1.0,2.9356602238017615e-07,4.0000011742640895,4.0
5.0,64.0,0.1,16.0,7.313272753783906e-06,2.5000182831818845,2.5,4.274235140636999e-07,5.999997435458916,6.0,3.7544145370382864e-07,15.99999399293674,16.0,6.918331152405699e-08,100.00000691833115,100,1.8897402624153126e-05,1.279975811324641,1.28,1.9058841990530577e-06,12.000022870610389,12.0,8.079849660940713e-07,1.800001454372939,1.8,5.238243555156102e-07,13.000006809716622,13.0,3.67045262641974e-06,0.09999963295473736,0.1,3.7003719659534084e-06,1.000003700371966,1.0,1.1363389143204117e-05,4.000045453556573,4.0
15.0,64.0,0.1,2.0,5.1715676507413376e-06,2.500012928919127,2.5,4.240953361822619e-07,5.999997455427983,6.0,1.1005383340201291e-06,16.000017608613344,16.0,5.76200896773571e-08,100.00000576200897,100,1.1371138313419349e-05,1.2800145550570412,1.28,1.8762975690182297e-06,12.000022515570828,12.0,1.5789240607065756e-05,1.8000284206330928,1.8,2.714426163499603e-07,13.000003528754013,13.0,0.00027116763186590953,0.09997288323681341,0.1,1.1654318035736466e-05,1.0000116543180357,1.0,5.622554977158245e-07,3.999997750978009,4.0
15.0,32.0,0.1,22.0,4.612542471171821e-06,2.500011531356178,2.5,3.8002190650606358e-06,5.99997719868561,6.0,1.7022914744480033e-06,16.00002723666359,16.0,4.0678507232883023e-07,99.99995932149277,100,1.2580494650887841e-05,1.279983896966847,1.28,1.0134063110160223e-06,11.999987839124268,12.0,2.274063662439158e-06,1.8000040933145924,1.8,7.547914974063237e-07,12.999990187710534,13.0,3.4765792583935085e-05,0.09999652342074161,0.1,1.225474286636885e-05,0.9999877452571336,1.0,2.4972475745066447e-06,3.999990011009702,4.0
25.0,32.0,0.1,22.0,6.618817556258705e-06,2.4999834529561094,2.5,2.69338618060407e-06,6.000016160317084,6.0,5.047051780948664e-07,16.00000807528285,16.0,1.7462319448213748e-08,100.00000174623194,100,1.018917655751933e-05,1.2800130421459937,1.28,1.098216238245205e-06,12.000013178594859,12.0,1.2721127754522499e-05,1.799977101970042,1.8,3.8869915096521135e-06,12.999949469110375,13.0,8.195865101132127e-05,0.09999180413489887,0.1,2.7848883726644402e-05,1.0000278488837266,1.0,1.7456352332523295e-06,4.000006982540933,4.0
25.0,32.0,0.1,4.0,1.8910394434357159e-06,2.4999952724013914,2.5,2.8811287526112985e-06,5.999982713227484,6.0,1.1646818851573926e-06,15.999981365089837,16.0,2.7624596015130008e-08,100.0000027624596,100,6.476616672308755e-06,1.2799917099306595,1.28,1.6774258707978143e-07,11.999997987088955,12.0,4.777445363140447e-06,1.7999914005983464,1.8,7.933942702137003e-07,13.000010314125513,13.0,7.301315553639998e-05,0.09999269868444637,0.1,1.5765131654355002e-05,1.0000157651316544,1.0,9.222802233033178e-08,3.9999996310879107,4.0
5.0,64.0,0.1,21.0,8.355244256286198e-06,2.5000208881106407,2.5,1.5865731040065612e-07,5.999999048056138,6.0,1.600740762164321e-07,15.99999743881478,16.0,5.4079611260249295e-08,99.99999459203887,100,1.947042680174038e-05,1.2799750778536938,1.28,1.075247860378899e-06,11.999987097025675,12.0,5.395782480944867e-06,1.7999902875915343,1.8,1.4788365361685972e-06,13.00001922487497,13.0,3.855433050800605e-05,0.1000038554330508,0.1,1.4966697013507613e-05,1.0000149666970135,1.0,4.851258031512984e-06,4.000019405032126,4.0
5.0,32.0,0.1,9.0,9.428913892328694e-06,2.500023572284731,2.5,7.897280314139721e-07,5.9999952616318115,6.0,4.560628863448102e-07,15.999992702993818,16.0,1.198182675921089e-07,100.00001198182676,100,2.9641587314874207e-06,1.2799962058768237,1.28,7.466750654809099e-07,11.999991039899214,12.0,6.55920002349634e-06,1.7999881934399578,1.8,8.343272699726448e-07,12.99998915374549,13.0,2.601586846839865e-05,0.10000260158684685,0.1,4.813420633187349e-06,1.0000048134206332,1.0,1.4352004784612404e-06,4.000005740801914,4.0
25.0,32.0,0.1,18.0,3.1916811211729623e-06,2.499992020797197,2.5,1.2502796451485665e-06,5.999992498322129,6.0,1.0947691175822172e-07,16.000001751630588,16.0,1.7781744929834532e-08,100.0000017781745,100,2.8120000482648178e-06,1.2799964006399382,1.28,1.64058730600658e-07,11.999998031295233,12.0,9.92981119539592e-06,1.8000178736601518,1.8,1.0136066919130826e-07,12.9999986823113,13.0,0.0001379707270909858,0.09998620292729091,0.1,1.0654865758574772e-06,1.0000010654865759,1.0,7.081379550522016e-07,3.99999716744818,4.0
5.0,32.0,0.1,22.0,4.693531832877795e-06,2.499988266170418,2.5,8.574994287968707e-07,6.000005144996573,6.0,5.866684489319596e-07,16.000009386695183,16.0,1.7065012031025617e-07,100.00001706501203,100,1.4765888536188987e-06,1.2800018900337327,1.28,1.1251368778886217e-06,12.000013501642535,12.0,1.6336979938241173e-05,1.8000294065638889,1.8,3.6472571588538255e-07,13.000004741434307,13.0,0.00028950044896794425,0.1000289500448968,0.1,1.0424286454036036e-06,1.0000010424286454,1.0,1.7524822304437748e-07,3.999999299007108,4.0
15.0,64.0,0.1,28.0,3.7884857574610465e-06,2.5000094712143937,2.5,1.9274826574822157e-06,5.999988435104055,6.0,2.152039568770192e-08,15.999999655673669,16.0,2.3399850050509484e-07,99.99997660014995,100,6.940800637532385e-06,1.280008884224816,1.28,3.0002700679432337e-07,11.999996399675918,12.0,8.917083339005711e-06,1.7999839492499898,1.8,1.512904149855934e-06,12.999980332246052,13.0,0.0003060379459068896,0.09996939620540932,0.1,7.268101612778466e-07,0.9999992731898387,1.0,2.0983538728813755e-07,4.000000839341549,4.0
5.0,32.0,0.1,23.0,2.6177709214536548e-06,2.4999934555726964,2.5,3.9219630713442183e-07,6.000002353177843,6.0,1.707916297277734e-08,16.000000273266608,16.0,2.2818650336375867e-07,99.99997718134966,100,1.1586887787781719e-05,1.2800148312163684,1.28,2.02607185014377e-06,12.000024312862202,12.0,6.888896380748595e-06,1.7999875999865147,1.8,5.797543559756727e-08,12.999999246319337,13.0,8.210708961134405e-05,0.10000821070896114,0.1,3.8139913645096613e-06,1.0000038139913645,1.0,3.7124089716789044e-06,3.9999851503641133,4.0
5.0,64.0,0.1,2.0,1.2562184007691713e-06,2.499996859453998,2.5,6.248444764563507e-07,6.000003749066859,6.0,1.0730417705495654e-06,16.00001716866833,16.0,2.1635289215282683e-07,99.99997836471078,100,1.0853194119982146e-05,1.2800138920884736,1.28,1.1438975075310036e-06,11.99998627322991,12.0,7.871240235157728e-06,1.8000141682324233,1.8,2.5505174138155203e-06,12.99996684327362,13.0,0.00014458617322132827,0.10001445861732214,0.1,1.9873072415910187e-05,0.9999801269275841,1.0,8.047330788407692e-07,4.000003218932315,4.0
25.0,32.0,0.1,26.0,2.2508161487522214e-06,2.500005627040372,2.5,2.0315028475733263e-06,5.999987810982915,6.0,1.2670057776276167e-06,15.999979727907558,16.0,4.5092021451864637e-07,100.00004509202145,100,4.912697889984663e-06,1.2799937117467008,1.28,2.959594251450426e-06,12.000035515131017,12.0,6.365196915843659e-06,1.8000114573544486,1.8,6.084697727551167e-07,13.000007910107046,13.0,8.031098644792345e-05,0.09999196890135521,0.1,1.2653067906986948e-05,1.000012653067907,1.0,1.0096848976903772e-06,3.9999959612604092,4.0
25.0,32.0,0.1,19.0,6.856218237061284e-06,2.5000171405455927,2.5,3.065241004277889e-06,5.999981608553974,6.0,7.45142941238619e-07,15.99998807771294,16.0,1.7804695843892658e-07,100.00001780469584,100,1.35722281162029e-05,1.2799826275480113,1.28,3.114929064314727e-07,11.999996262085123,12.0,4.49874900295318e-07,1.8000008097748206,1.8,1.921819778188522e-07,12.999997501634288,13.0,0.0002347400918968623,0.09997652599081032,0.1,3.544138620270587e-05,1.0000354413862027,1.0,1.241467074697411e-06,3.999995034131701,4.0
25.0,64.0,0.1,16.0,2.42421564049522e-06,2.4999939394608988,2.5,6.272169425317978e-07,5.999996236698345,6.0,8.482490224670514e-07,15.99998642801564,16.0,3.337844731277073e-08,99.99999666215527,100,1.12173627426701e-05,1.2800143582243106,1.28,1.1935430239695677e-06,12.000014322516288,12.0,5.209641048183519e-07,1.8000009377353887,1.8,1.394407354710508e-07,13.000001812729561,13.0,2.2318046326991192e-05,0.0999977681953673,0.1,2.5877516025563096e-06,0.9999974122483974,1.0,1.452731951401276e-06,3.9999941890721944,4.0
5.0,64.0,0.1,30.0,1.1620893268116106e-05,2.5000290522331703,2.5,3.1295803610831285e-06,5.9999812225178335,6.0,4.5565869499775147e-07,15.99999270946088,16.0,6.58449519619353e-08,100.0000065844952,100,1.8843417194311374e-05,1.2800241195740087,1.28,1.7845125367029386e-06,12.00002141415044,12.0,7.93237224818968e-06,1.7999857217299533,1.8,3.8254059298026277e-07,12.999995026972291,13.0,2.4897663665202074e-05,0.09999751023363349,0.1,2.6821848253977265e-05,1.000026821848254,1.0,2.5020644047746288e-06,4.000010008257619,4.0
25.0,64.0,0.1,27.0,,,2.5,,,6.0,,,16.0,,,100,,,1.28,,,12.0,,,1.8,,,13.0,,,0.1,,,1.0,,,4.0
5.0,64.0,0.1,8.0,6.566416307407508e-06,2.4999835839592315,2.5,2.3679808232775676e-07,5.999998579211506,6.0,1.3612811976537742e-06,15.999978219500838,16.0,6.352945391085995e-08,99.99999364705461,100,2.637310522399239e-06,1.2800033757574687,1.28,1.064679581830319e-06,12.000012776154982,12.0,4.3142899087812555e-06,1.7999922342781642,1.8,1.6029241499255093e-06,12.999979161986051,13.0,0.0003012988308583042,0.09996987011691418,0.1,5.609310709475679e-06,1.0000056093107095,1.0,3.4775541101206286e-06,3.9999860897835595,4.0
15.0,64.0,0.1,25.0,6.933887305038411e-06,2.5000173347182626,2.5,2.3682609813964937e-06,5.999985790434112,6.0,2.643332377427754e-07,16.000004229331804,16.0,6.168039959675297e-08,99.99999383196004,100,9.354190266125384e-07,1.280001197336354,1.28,9.56905960839786e-07,12.00001148287153,12.0,1.3711722621520847e-08,1.7999999753188993,1.8,5.154281299888033e-07,13.00000670056569,13.0,2.6219838695218378e-05,0.10000262198386953,0.1,2.422375434907309e-06,1.000002422375435,1.0,5.2230663504237995e-06,3.9999791077345983,4.0
5.0,64.0,0.1,1.0,5.741024563654662e-06,2.500014352561409,2.5,3.4520708376284404e-06,5.999979287574974,6.0,1.3983288498220503e-06,15.999977626738403,16.0,1.535284923193103e-07,100.00001535284923,100,2.2460470163951363e-05,1.2800287494018099,1.28,7.553145779937154e-07,11.999990936225064,12.0,7.897269356978616e-07,1.7999985784915158,1.8,2.1463309406700458e-07,12.999997209769777,13.0,1.0642357273216163e-06,0.09999989357642727,0.1,1.0738041797853093e-05,0.9999892619582021,1.0,3.151047769156534e-06,4.000012604191077,4.0
25.0,64.0,0.1,5.0,7.535780470036002e-06,2.500018839451175,2.5,3.7596176264050505e-06,5.999977442294242,6.0,5.84966204586479e-07,15.999990640540727,16.0,6.701285713006655e-09,99.99999932987143,100,1.7918944199973863e-05,1.279977063751424,1.28,9.605080622717328e-07,12.000011526096747,12.0,9.381157064749759e-07,1.8000016886082717,1.8,1.2126655231434404e-06,13.0000157646518,13.0,0.00013066316839602243,0.10001306631683961,0.1,1.0954422821507492e-05,1.0000109544228215,1.0,6.1253617719136955e-06,3.9999754985529123,4.0
25.0,64.0,0.1,7.0,5.998826243036603e-06,2.5000149970656076,2.5,1.5497403588563923e-06,6.000009298442153,6.0,7.845055478572505e-07,16.000012552088766,16.0,2.751303298964558e-08,99.9999972486967,100,1.4412165787180964e-06,1.2799981552427793,1.28,4.7336712534947384e-07,12.000005680405504,12.0,1.1870569127658825e-06,1.799997863297557,1.8,1.0158884400368606e-07,12.999998679345028,13.0,8.653946511061328e-05,0.09999134605348894,0.1,3.289482229096308e-05,1.000032894822291,1.0,2.742606242112089e-07,4.000001097042497,4.0
15.0,64.0,0.1,17.0,2.9034779847947333e-06,2.499992741305038,2.5,4.425609408128158e-06,6.000026553656449,6.0,4.844270342641011e-07,15.999992249167452,16.0,1.8995062575299926e-07,99.99998100493742,100,1.2289873578888444e-06,1.279998426896182,1.28,1.6664338871782054e-06,11.999980002793354,12.0,1.4207475032865543e-05,1.7999744265449409,1.8,4.0932239710509924e-07,13.000005321191162,13.0,0.00011275445399056006,0.09998872455460095,0.1,5.073319646720087e-06,0.9999949266803533,1.0,3.316794972008097e-07,4.000001326717989,4.0
5.0,64.0,0.1,15.0,6.747963111131128e-06,2.500016869907778,2.5,1.5151654242373525e-06,6.000009090992545,6.0,6.12552697454305e-09,16.00000009800843,16.0,5.120008196968229e-08,99.9999948799918,100,4.3699281540576784e-06,1.2799944064919628,1.28,2.3734475846914904e-06,12.000028481371016,12.0,3.0965023656293056e-06,1.8000055737042582,1.8,1.0177007568975464e-06,13.00001323010984,13.0,8.669500622143778e-05,0.10000866950062215,0.1,7.314778063705063e-06,1.0000073147780637,1.0,1.2512903629913197e-06,3.999994994838548,4.0
15.0,64.0,0.1,5.0,2.2610370459474894e-06,2.500005652592615,2.5,1.5430745188282913e-06,5.999990741552887,6.0,3.6565334005089767e-07,15.99999414954656,16.0,2.859997637472134e-07,99.99997140002363,100,2.435646978028727e-06,1.2799968823718681,1.28,7.997288435923622e-07,12.000009596746123,12.0,3.0176428763202995e-07,1.7999994568242823,1.8,1.7193872176280734e-06,13.00002235203383,13.0,0.00022029901983633415,0.09997797009801637,0.1,1.1208197311929347e-05,0.9999887918026881,1.0,6.15788820257368e-06,3.9999753684471897,4.0
5.0,32.0,0.1,11.0,4.053379429613812e-06,2.500010133448574,2.5,1.2802826079294505e-06,6.000007681695648,6.0,1.0223762432204353e-06,16.00001635801989,16.0,2.0206227148378274e-07,100.00002020622715,100,1.5451354189004174e-05,1.279980222266638,1.28,2.7466617143664013e-07,12.000003295994057,12.0,1.056355136943823e-06,1.8000019014392465,1.8,1.9398801945304567e-06,13.000025218442529,13.0,6.903099600663598e-05,0.09999309690039934,0.1,1.6213193508862744e-05,1.0000162131935089,1.0,1.7969191885569558e-06,4.000007187676754,4.0
5.0,32.0,0.1,16.0,1.2979160395332202e-07,2.49999967552099,2.5,5.749184158373074e-07,6.000003449510495,6.0,2.376072881893343e-06,15.99996198283389,16.0,3.55154286069137e-08,99.99999644845714,100,1.6135396659414103e-06,1.2800020653307724,1.28,5.573740803714126e-07,12.000006688488964,12.0,9.482761573383533e-06,1.8000170689708321,1.8,9.1418381924331e-09,13.000000118843897,13.0,0.00012114698033235949,0.09998788530196677,0.1,1.5253546550075825e-05,1.00001525354655,1.0,4.194731275664054e-06,3.9999832210748973,4.0
15.0,64.0,0.1,26.0,1.075002692196847e-06,2.5000026875067305,2.5,3.993391647879226e-06,6.000023960349887,6.0,2.96108837338771e-07,15.999995262258603,16.0,1.37332361305198e-07,99.99998626676387,100,3.32659373328964e-06,1.2799957419600214,1.28,6.874352536101469e-07,11.999991750776957,12.0,1.351123386135929e-06,1.799997567977905,1.8,6.298724853829403e-07,13.00000818834231,13.0,1.4042612794390452e-05,0.10000140426127944,0.1,1.1066623316402513e-05,1.0000110666233164,1.0,2.9152344425131815e-06,3.99998833906223,4.0
15.0,32.0,0.1,9.0,8.659782820785723e-06,2.500021649457052,2.5,4.4484914818454513e-07,6.000002669094889,6.0,1.0462722094262134e-06,15.99998325964465,16.0,4.972728973484664e-08,100.00000497272897,100,3.3438097967603e-07,1.280000428007654,1.28,2.6413556928339688e-06,12.000031696268314,12.0,3.037390154947417e-06,1.7999945326977211,1.8,3.6824716874460905e-06,12.999952127868063,13.0,5.241134330660757e-05,0.09999475886566934,0.1,5.977896785580583e-06,0.9999940221032144,1.0,7.971775527471081e-07,3.999996811289789,4.0
15.0,32.0,0.1,2.0,1.0794086406917813e-07,2.49999973014784,2.5,4.672048789474322e-06,5.999971967707263,6.0,2.7955617509789477e-07,16.0000044728988,16.0,3.822071661829796e-08,100.00000382207166,100,2.8410793993273453e-05,1.2800363658163114,1.28,1.6597599795294589e-06,11.999980082880246,12.0,1.934373811006572e-06,1.8000034818728599,1.8,1.4734098762949964e-06,13.000019154328392,13.0,0.0002312188581736485,0.10002312188581737,0.1,1.145541165603614e-05,0.999988544588344,1.0,1.7269227142735488e-06,3.999993092309143,4.0
