width,batch-time,learning-rate,replicate,known_param_strict_train_rmse,known_param_strict_test_rmse,known_param_loose_train_rmse,known_param_loose_test_rmse,unknown_param_train_rmse,unknown_param_test_rmse,NODE_train_rmse,NODE_test_rmse,known_param_strict_attempts,known_param_loose_attempts,unknown_param_attempts,NODE_attempts,loose_param_err,unknown_param_err
15.0,32.0,0.1,12.0,0.665692150592804,0.5948660373687744,0.26274165511131287,,0.0600418820977211,0.07437948882579803,0.03287822753190994,0.033628057688474655,0,0,0,0,0.003139872074868544,16.951017563747975
5.0,64.0,0.1,25.0,1.7051093578338623,1.5340211391448975,0.20136454701423645,0.574366569519043,0.16173133254051208,1.045085072517395,0.038498781621456146,0.03580481931567192,0,0,0,0,0.004579875085056306,0.5268383881983052
5.0,64.0,0.1,14.0,1.7108819484710693,3.486058473587036,0.19350291788578033,0.34963953495025635,0.17506274580955505,0.3207515478134155,0.03671425208449364,0.0368681401014328,0,0,0,0,0.0065588558104927586,2.236780078175964
5.0,64.0,0.1,4.0,1.6729446649551392,82.1353530883789,0.21772652864456177,0.2810739278793335,0.227311372756958,1.8409504890441895,0.04295503348112106,0.038080595433712006,0,0,0,0,0.0048662779375623355,0.6751923170045755
25.0,32.0,0.1,12.0,0.6622077226638794,0.6004308462142944,0.4522375166416168,0.9976029396057129,0.06796447932720184,0.14353609085083008,0.05069007724523544,0.06191788986325264,0,0,0,0,0.004225753744757421,17.009315652222675
25.0,64.0,0.1,15.0,,,0.2592431306838989,0.6661148071289062,0.21109221875667572,0.3871413767337799,0.03947262093424797,0.03961058333516121,0,0,0,0,0.002388491514533575,1.2354596777318252
15.0,64.0,0.1,21.0,1.0046567916870117,0.7183120250701904,0.23719927668571472,0.7568395137786865,0.15028256177902222,0.31569257378578186,0.18935567140579224,0.18884705007076263,0,0,0,0,0.002441733840276017,0.7251665023956679
15.0,64.0,0.1,24.0,0.6421351432800293,0.5750524997711182,0.22492675483226776,0.8245894908905029,0.153177872300148,0.26797062158584595,0.04014638811349869,0.04529235512018204,0,0,0,0,0.004340504301720283,1.2652765781664104
25.0,64.0,0.1,8.0,1.1381391286849976,1.0277259349822998,0.16947516798973083,0.2175813913345337,0.22687742114067078,0.5642136931419373,0.04380514845252037,0.036059629172086716,0,0,0,0,0.004238699610276564,2.027604668225867
5.0,64.0,0.1,27.0,0.6506921648979187,0.5975999236106873,0.2000076323747635,0.7852166295051575,0.15610766410827637,0.2878776788711548,0.06354067474603653,0.07492446154356003,0,0,0,0,0.003236646940140586,0.6020885918118506
15.0,32.0,0.1,20.0,0.6531682014465332,0.586487352848053,0.4129432737827301,1.0069106817245483,0.09880566596984863,0.21028275787830353,0.036176204681396484,0.03653162345290184,0,0,0,0,0.0026703877213822835,12.072686686350306
5.0,32.0,0.1,21.0,0.6590126156806946,0.5887712240219116,0.490569144487381,,0.05962090566754341,0.09926959127187729,0.04432934522628784,0.05940576642751694,0,0,0,0,0.004374937850100125,17.194915131385784
15.0,32.0,0.1,30.0,0.6502299904823303,0.5876281261444092,0.4970847964286804,1.0763061046600342,0.09123160690069199,0.07982631772756577,0.04244450479745865,0.05525529012084007,0,0,0,0,0.004494836002808533,16.909579664860466
5.0,64.0,0.1,13.0,0.6614512801170349,0.6023448705673218,0.1901690512895584,0.2863926589488983,0.287314236164093,0.7558714747428894,0.047497645020484924,0.04283352196216583,0,0,0,0,0.0037865875091105394,1.8093974197747025
25.0,64.0,0.1,6.0,22.908254623413086,47.3790283203125,0.2658006250858307,0.8663588762283325,0.20948411524295807,0.5741885304450989,0.036346908658742905,0.032842159271240234,0,0,0,0,0.006240891802628545,1.9070210377470198
5.0,32.0,0.1,29.0,7.067990779876709,11.140024185180664,0.499687135219574,1.0536879301071167,0.055866826325654984,0.050716303288936615,0.049233123660087585,0.03972078487277031,0,0,0,0,0.005651074215796914,18.22251902524865
25.0,32.0,0.1,15.0,0.640624463558197,0.572562038898468,0.3481462895870209,1.168444275856018,0.07235982269048691,0.08340922743082047,0.0437873899936676,0.06323236227035522,0,0,0,0,0.0026035122369245656,18.15042435637356
5.0,64.0,0.1,29.0,0.7355206608772278,,0.17823852598667145,0.20864459872245789,0.16686108708381653,0.3404262065887451,0.056382033973932266,0.05797359347343445,0,0,0,0,0.0032784375716617964,1.37709736940594
15.0,64.0,0.1,15.0,0.6428327560424805,0.595740556716919,0.19028112292289734,0.392922967672348,0.19957494735717773,0.41307705640792847,0.05558321252465248,0.059312958270311356,0,0,0,0,0.00629008275946541,2.0968036440667426
5.0,64.0,0.1,3.0,0.6651282906532288,0.6005087494850159,0.17918644845485687,0.34937384724617004,0.16624581813812256,0.2875351905822754,0.05576179549098015,0.057030368596315384,0,0,0,0,0.0016569425566608231,0.8402722001161604
15.0,64.0,0.1,11.0,0.6621660590171814,0.6130861639976501,0.19730022549629211,240012.609375,0.21041609346866608,0.310840368270874,0.040189385414123535,0.03890640661120415,0,0,0,0,0.003043774773595964,1.4381667989618707
25.0,64.0,0.1,4.0,0.7082949876785278,0.5944218039512634,0.18834902346134186,0.40616708993911743,0.1700756996870041,0.37175026535987854,0.053456876426935196,0.05596990883350372,0,0,0,0,0.0019157177983943896,1.58305721345319
25.0,32.0,0.1,6.0,0.6682949066162109,0.5975545048713684,0.3298366367816925,1.1088758707046509,0.06614669412374496,0.1246786043047905,0.04496384784579277,0.032566044479608536,0,0,0,0,0.0025777895023568753,16.561076998966193
15.0,64.0,0.1,16.0,0.6209599375724792,0.5745894312858582,0.17504748702049255,0.34973883628845215,0.14925333857536316,0.33402588963508606,0.049404971301555634,0.05374482274055481,0,0,0,0,0.006730022282466663,0.6930177612253197
25.0,32.0,0.1,8.0,0.6581228971481323,0.5678324103355408,0.601396381855011,0.971775233745575,0.060526032000780106,0.07131912559270859,0.05101923272013664,0.05515443906188011,0,0,0,0,0.0028020405785569302,17.569866978799116
15.0,64.0,0.1,4.0,7.3744049072265625,9.072450637817383,0.26850107312202454,1.003717303276062,0.2171655148267746,0.43521082401275635,0.043168384581804276,0.030316175892949104,0,0,0,0,0.0029088997991097987,1.547499001961356
25.0,32.0,0.1,2.0,0.669310986995697,0.6049826741218567,0.3624570965766907,1.1190563440322876,0.07069385796785355,0.06224563345313072,0.04196840524673462,0.044410571455955505,0,0,0,0,0.006672333147238696,17.194676256577484
5.0,64.0,0.1,26.0,14.42123794555664,29.727664947509766,0.18152213096618652,0.6251415014266968,0.1609727144241333,0.27864575386047363,0.05050691217184067,0.03241441398859024,0,0,0,0,0.004374273937695405,1.2176351351699948
25.0,64.0,0.1,2.0,1.0567835569381714,1.3724942207336426,0.1676517277956009,0.4134370684623718,0.18158429861068726,1.240174412727356,0.031295500695705414,0.03965485095977783,0,0,0,0,0.003333699956313607,0.845689120820281
15.0,32.0,0.1,13.0,0.6716737151145935,0.5927363038063049,0.2918364107608795,,0.16591663658618927,0.4066925346851349,0.04119271785020828,0.036382999271154404,0,0,0,0,0.0023180048051041346,10.038829320303567
15.0,32.0,0.1,7.0,0.6733536124229431,0.593734622001648,0.4669644832611084,0.8440646529197693,0.06294884532690048,0.06068854779005051,0.035299185663461685,0.03520574793219566,0,0,0,0,0.004109615319330184,16.24705467193621
15.0,32.0,0.1,11.0,0.6630009412765503,0.5902118682861328,0.5256078839302063,1.181044101715088,0.0808953046798706,0.12894277274608612,0.03715959191322327,0.03154582902789116,0,0,0,0,0.002908554913867878,15.951853676231107
5.0,32.0,0.1,24.0,0.6660414934158325,0.6016973257064819,0.36170628666877747,1.0996063947677612,0.07103418558835983,0.058961547911167145,0.031177952885627747,0.03386921435594559,0,0,0,0,0.0048351595766232824,16.121312102511478
25.0,64.0,0.1,10.0,0.6782152056694031,0.8572743535041809,0.30011603236198425,0.3376004099845886,0.22985444962978363,0.33531591296195984,0.04383036494255066,0.03845277428627014,0,0,0,0,0.0033874300738349072,1.640943060463799
15.0,64.0,0.1,13.0,0.8678834438323975,0.9988565444946289,0.1722051203250885,0.22120124101638794,0.16871598362922668,4.220293045043945,0.03675226494669914,0.03459938243031502,0,0,0,0,0.0023765548251670765,0.7721449836591436
5.0,32.0,0.1,13.0,1.934470295906067,,0.3694872260093689,1.0697455406188965,0.07099680602550507,0.07457152009010315,0.0400262326002121,0.03720950335264206,0,0,0,0,0.004136730835089253,17.02330731595167
5.0,64.0,0.1,19.0,0.6323676705360413,0.5766361355781555,0.18486647307872772,0.5368658304214478,0.1759139448404312,0.188041090965271,0.03798884525895119,0.034518368542194366,0,0,0,0,0.004926608814610711,1.6068411011556978
15.0,32.0,0.1,25.0,0.6782630681991577,0.5967703461647034,0.3889034390449524,1.1895077228546143,0.07241246104240417,0.11597328633069992,0.035408586263656616,0.031590286642313004,0,0,0,0,0.0026250383221054774,12.20047165444409
5.0,32.0,0.1,27.0,0.6486098766326904,0.5946426391601562,0.33766308426856995,1.114453673362732,0.06835737824440002,0.05782647058367729,0.045828789472579956,0.050205033272504807,0,0,0,0,0.0028346114777606513,17.41988803362994
5.0,32.0,0.1,8.0,0.6530554890632629,0.5832081437110901,0.446233332157135,,0.0887455865740776,0.15965910255908966,0.03773088753223419,0.03557710349559784,0,0,0,0,0.0028991792170163233,13.745451750333208
25.0,64.0,0.1,29.0,0.7575412392616272,0.6867974400520325,0.16734972596168518,0.20262865722179413,0.18622753024101257,0.24288423359394073,0.04456614330410957,0.033873505890369415,0,0,0,0,0.005533353140490416,1.8738493686193358
5.0,32.0,0.1,10.0,0.6023808717727661,0.6143493056297302,0.4931662082672119,1.346609115600586,0.0610855296254158,0.08191276341676712,0.03788411244750023,0.03391764312982559,0,0,0,0,0.002468077610349395,17.312510691381036
5.0,32.0,0.1,1.0,0.6703575253486633,0.5952224135398865,0.4837493300437927,1.1994727849960327,0.09448768198490143,0.15937529504299164,0.09796470403671265,0.10979798436164856,0,0,0,0,0.005610850028933023,13.99466305292498
5.0,32.0,0.1,14.0,0.6395463943481445,0.5768622159957886,0.24817396700382233,0.8897919058799744,0.09084700047969818,0.20676949620246887,0.03631359711289406,0.04066333919763565,0,0,0,0,0.005682957500040886,15.605547067598023
25.0,64.0,0.1,12.0,0.6373399496078491,0.5774726867675781,0.19449850916862488,0.49915051460266113,0.15751895308494568,0.3507203161716461,0.041719671338796616,0.03781072050333023,0,0,0,0,0.004282994506008553,0.9178387915114747
15.0,32.0,0.1,16.0,,,0.2757433354854584,0.9581999778747559,0.05890849232673645,0.05417928472161293,0.0623989962041378,0.08123113214969635,0,0,0,0,0.0021130253325752912,17.115475800427383
15.0,64.0,0.1,22.0,,,0.18329647183418274,0.17831850051879883,5.3784894943237305,11.719918251037598,0.04139949381351471,0.03736433759331703,0,0,0,0,0.0071743105511150596,3.7803547514650546
15.0,32.0,0.1,24.0,0.6745195388793945,0.593436598777771,0.46091315150260925,1.2172480821609497,0.5002315044403076,0.7324946522712708,0.04481826350092888,0.03465715050697327,0,0,0,0,0.006780967360887402,7.433225134510482
5.0,32.0,0.1,2.0,0.6544293761253357,0.5843607783317566,0.36688315868377686,1.1240053176879883,0.07580189406871796,0.05398575961589813,0.05289383605122566,0.060397807508707047,0,0,0,0,0.004760792567162442,17.87946002238546
25.0,64.0,0.1,14.0,0.6421740651130676,0.6421206593513489,0.21342399716377258,0.63758385181427,0.17868433892726898,0.5165836215019226,0.05999027565121651,0.05083419010043144,0,0,0,0,0.002850722778251047,1.000350561201123
15.0,64.0,0.1,19.0,0.6484622955322266,0.6031667590141296,0.25271645188331604,0.5642890930175781,0.24749360978603363,0.5655784010887146,0.03751692548394203,0.036313917487859726,0,0,0,0,0.004220353390499754,2.1074483132625446
15.0,64.0,0.1,18.0,0.6520545482635498,0.5831879377365112,0.2104520946741104,0.7125730514526367,0.0969119668006897,0.07603154331445694,0.03335759416222572,0.025897590443491936,0,0,0,0,0.00608153219854457,10.793110888036788
25.0,32.0,0.1,5.0,0.6611610054969788,0.6019308567047119,0.44265612959861755,0.8728124499320984,0.058135103434324265,0.10036594420671463,0.034456949681043625,0.033937208354473114,0,0,0,0,0.0015916517022087628,16.621551998166655
5.0,32.0,0.1,4.0,0.6520338654518127,0.5973656177520752,0.5094916820526123,1.2516664266586304,0.7159031629562378,,0.02979705110192299,0.042083438485860825,0,0,0,0,0.0064616019978385175,4.206469494627042
15.0,64.0,0.1,3.0,16.146251678466797,34.36609649658203,0.24856039881706238,0.7988878488540649,0.18886885046958923,0.27778616547584534,0.036213889718055725,0.03711991384625435,0,0,0,0,0.005718701187466424,1.601976025001911
25.0,32.0,0.1,27.0,0.6782021522521973,0.6036787629127502,0.47071629762649536,0.8720976710319519,0.05965525656938553,0.07984998822212219,0.06360388547182083,0.08228568732738495,0,0,0,0,0.0018555473984527282,16.118007008615965
5.0,32.0,0.1,26.0,0.678379237651825,0.6170312762260437,0.26634809374809265,1.005181908607483,0.10731293261051178,0.23023587465286255,0.08945315331220627,0.1290092021226883,0,0,0,0,0.004369459755382721,14.893358928091692
15.0,32.0,0.1,1.0,0.6677945852279663,0.5968971848487854,0.5373988747596741,,0.05629706382751465,0.04762387275695801,0.04174702987074852,0.043643075972795486,0,0,0,0,0.0010957839383265444,16.831729900623976
25.0,32.0,0.1,30.0,0.6657302975654602,0.5962641835212708,0.5021177530288696,0.8004705905914307,0.07029429078102112,0.10580144077539444,0.05725707486271858,0.04961787536740303,0,0,0,0,0.0071190305411634736,18.49482381994303
25.0,64.0,0.1,1.0,0.6446463465690613,0.5747783184051514,0.20302662253379822,0.2917741537094116,0.2264532446861267,2.6284751892089844,0.06774361431598663,0.0633249282836914,0,0,0,0,0.006129855009303631,0.47266844402247576
25.0,64.0,0.1,25.0,,,0.21397413313388824,0.8817806839942932,0.2571718692779541,0.6440470218658447,0.03704271838068962,0.03487085551023483,0,0,0,0,0.004334094705276126,0.5492036699512473
15.0,32.0,0.1,17.0,0.6527116298675537,0.5960565805435181,0.5247854590415955,,0.06944602727890015,0.12140490859746933,0.04605347663164139,0.04137716442346573,0,0,0,0,0.005597775143730832,15.89441041143337
15.0,64.0,0.1,1.0,0.6315155625343323,0.5637926459312439,0.24443064630031586,0.7103785872459412,0.19487157464027405,1.3119454383850098,0.031958404928445816,0.033203233033418655,0,0,0,0,0.003164836202488752,1.053866097655515
15.0,64.0,0.1,20.0,15.469685554504395,31.854211807250977,0.18645012378692627,0.4747001826763153,0.19790011644363403,0.4717969298362732,0.0502825491130352,0.06637480854988098,0,0,0,0,0.0038066995885897015,1.3426209675604222
25.0,64.0,0.1,23.0,0.6737767457962036,0.6326864957809448,0.21659018099308014,0.9371765851974487,0.1523044854402542,0.2576429843902588,0.035008806735277176,0.03542199730873108,0,0,0,0,0.0019992670232484855,0.47042411719474697
5.0,32.0,0.1,25.0,0.656159520149231,0.5723586678504944,0.35389217734336853,1.0539788007736206,0.06745961308479309,0.12613843381404877,0.03941918909549713,0.04043057560920715,0,0,0,0,0.004199214882521507,15.255430059319162
15.0,64.0,0.1,8.0,0.7816890478134155,0.8300561904907227,0.21482381224632263,0.7924221754074097,0.42494770884513855,,0.0595250278711319,0.07800251990556717,0,0,0,0,0.0052019281119743965,5.529105125708952
15.0,64.0,0.1,14.0,1.5303301811218262,1.3256818056106567,0.25250548124313354,0.9548529386520386,0.1646551638841629,0.21801036596298218,0.05312741920351982,0.04372619837522507,0,0,0,0,0.005276085095027971,1.6832176762488769
15.0,64.0,0.1,10.0,0.6508579254150391,0.6145076155662537,0.22370114922523499,0.5062664747238159,0.17913731932640076,2.8320322036743164,0.0564289465546608,0.07393961399793625,0,0,0,0,0.00354333815638741,0.2988047567204566
15.0,32.0,0.1,28.0,0.651716411113739,0.5776111483573914,0.4638199210166931,0.7563430070877075,0.07550740987062454,0.08439621329307556,0.047896675765514374,0.08038018643856049,0,0,0,0,0.005406407482853481,15.87294385267034
5.0,64.0,0.1,10.0,19.149686813354492,39.712623596191406,0.19867347180843353,2.4764158725738525,0.21431314945220947,,0.07130791246891022,0.05307121202349663,0,0,0,0,0.002807856082348348,0.5546390217369344
25.0,32.0,0.1,29.0,0.6634306311607361,0.6002694368362427,0.49233049154281616,0.7696887850761414,0.06796044856309891,0.12607388198375702,0.035307567566633224,0.035060010850429535,0,0,0,0,0.001981238684191311,15.873563022094554
25.0,64.0,0.1,11.0,0.6427085995674133,0.5905221104621887,0.1955873817205429,0.348890483379364,0.14773263037204742,0.49115505814552307,0.06680889427661896,0.08412034809589386,0,0,0,0,0.002168103954649614,0.8402655153878287
25.0,32.0,0.1,9.0,0.6488465070724487,0.57697993516922,0.5384988784790039,0.8358055353164673,0.0824759379029274,0.11910790950059891,0.07113999128341675,0.07560570538043976,0,0,0,0,0.00342840029557534,15.200933380485722
5.0,64.0,0.1,17.0,1.1637804508209229,1.3596491813659668,0.18551994860172272,3.8241450786590576,0.24970854818820953,,0.07063319534063339,0.07721918821334839,0,0,0,0,0.00730536064021492,0.5824203023798884
25.0,64.0,0.1,3.0,0.7168872952461243,,0.20222888886928558,0.4310380816459656,0.16123849153518677,0.5429661273956299,0.04037157818675041,0.04891517758369446,0,0,0,0,0.0029284038985386562,0.9017758421833697
15.0,64.0,0.1,9.0,22.039386749267578,45.19192123413086,1.0855650901794434,0.49299484491348267,0.23183594644069672,0.43944621086120605,0.07582958042621613,0.07783754169940948,0,0,0,0,0.005446125657061263,1.5048354815988838
25.0,32.0,0.1,11.0,0.708042562007904,0.6228156685829163,0.5118664503097534,,0.07395976781845093,0.16504953801631927,0.04258421063423157,0.07460696250200272,0,0,0,0,0.004413231020776509,15.385728045050273
5.0,32.0,0.1,15.0,1.2889997959136963,1.1801201105117798,0.3848760724067688,1.159685492515564,0.08028081804513931,0.145497128367424,0.044109001755714417,0.029852312058210373,0,0,0,0,0.0029501001480469746,13.674108152414894
15.0,32.0,0.1,10.0,0.656601071357727,0.6032425165176392,0.39071375131607056,1.05050790309906,0.11179441958665848,0.12419106066226959,0.048786066472530365,0.04360206797719002,0,0,0,0,0.007576725434912612,17.69900844255792
15.0,64.0,0.1,23.0,0.6284577250480652,0.6095389723777771,0.20006713271141052,0.5674263834953308,0.18340907990932465,0.19551336765289307,0.05619645491242409,0.053658489137887955,0,0,0,0,0.006215090494030573,1.5873601244947748
25.0,32.0,0.1,21.0,0.7006542086601257,0.6394099593162537,0.4592985510826111,,0.07526195794343948,0.062070947140455246,0.05224345251917839,0.05184951797127724,0,0,0,0,0.003670455688707719,16.53850165075811
15.0,32.0,0.1,4.0,0.6626218557357788,0.6029149889945984,0.3828560709953308,0.9957674145698547,0.3027797043323517,0.8479701280593872,0.04418615251779556,0.05052325874567032,0,0,0,0,0.006104149192742825,6.215511512121965
5.0,32.0,0.1,6.0,0.665263295173645,0.59504234790802,0.32659003138542175,1.0303393602371216,0.06255432963371277,0.07200226932764053,0.03734365478157997,0.035368822515010834,0,0,0,0,0.00394642888196739,17.021745074245207
25.0,64.0,0.1,30.0,0.6428715586662292,0.5736599564552307,0.2526080012321472,0.8592497706413269,0.2561245560646057,0.5852508544921875,0.040804825723171234,0.05089891329407692,0,0,0,0,0.004235077778444785,2.0986720523841473
25.0,32.0,0.1,23.0,0.6569298505783081,0.5985287427902222,165.711669921875,,0.13050204515457153,0.2988213002681732,0.03799062594771385,0.04482119157910347,0,0,0,0,0.003935035208538329,10.038056915425729
25.0,64.0,0.1,22.0,0.653758704662323,0.7036978602409363,0.2608121931552887,0.7771443128585815,0.1592852771282196,0.3837985396385193,0.04728257283568382,0.04179275408387184,0,0,0,0,0.0032334430066232045,0.6761853529250104
15.0,32.0,0.1,18.0,0.6581552028656006,0.5958401560783386,0.49622079730033875,0.951015293598175,0.09311670064926147,0.08087003231048584,0.0456751212477684,0.0661616101861,0,0,0,0,0.0035920004166859476,13.32173363726123
5.0,32.0,0.1,17.0,0.660673975944519,0.5922021269798279,0.5032942891120911,1.3540329933166504,0.0598810650408268,0.08305984735488892,0.03498833626508713,0.02876666560769081,0,0,0,0,0.0007107527319689666,16.49673407878505
15.0,32.0,0.1,15.0,0.6662701368331909,0.5971909761428833,0.49702560901641846,0.8193284869194031,0.08083833009004593,0.06674793362617493,0.04829530417919159,0.04710432142019272,0,0,0,0,0.006202083719171414,15.745626720700093
25.0,64.0,0.1,26.0,0.6536843180656433,0.6005961298942566,0.20695766806602478,0.585265040397644,0.178366556763649,0.6335534453392029,0.03694862127304077,0.035546209663152695,0,0,0,0,0.003949640257640219,1.118753109701852
5.0,64.0,0.1,6.0,9.368651390075684,19.46282386779785,0.2262260466814041,1.5761971473693848,0.20198172330856323,0.5377258062362671,0.04252231493592262,0.0458524115383625,0,0,0,0,0.002883719311917554,1.4824357960142978
5.0,64.0,0.1,28.0,18.954387664794922,39.04452133178711,0.204048752784729,1.559985637664795,0.15478011965751648,0.6163087487220764,0.058819662779569626,0.0658455342054367,0,0,0,0,0.006615037062247309,0.5771544442896701
5.0,64.0,0.1,5.0,0.6551985740661621,0.6353200078010559,0.17488905787467957,0.7882471680641174,0.2399435192346573,0.5094907879829407,0.07672977447509766,0.07351011037826538,0,0,0,0,0.0024411670635842153,1.6843843094623865
15.0,32.0,0.1,3.0,0.6651503443717957,0.5953440070152283,0.48716989159584045,0.9508234858512878,0.0716526061296463,0.05485008284449577,0.04483991488814354,0.05079904571175575,0,0,0,0,0.0037165657823915454,17.007995806912998
15.0,64.0,0.1,7.0,0.6937664747238159,0.6111283302307129,0.199313685297966,0.38337934017181396,0.17613112926483154,0.2260638028383255,0.04718920215964317,0.03754274919629097,0,0,0,0,0.002328679062836292,0.9451363265773995
5.0,64.0,0.1,12.0,0.6742140650749207,0.6080340147018433,0.20475421845912933,4.692842483520508,0.14662447571754456,0.2651209235191345,0.03991413861513138,0.033783670514822006,0,0,0,0,0.0009593081731986697,0.7174018964011699
25.0,32.0,0.1,20.0,0.6431818604469299,0.5705251693725586,0.38469651341438293,1.1709202527999878,0.06232944503426552,0.10127721726894379,0.039532970637083054,0.035481009632349014,0,0,0,0,0.004922790471788896,15.58810772297143
5.0,32.0,0.1,3.0,0.6599412560462952,0.5937932133674622,0.3504239320755005,1.1104871034622192,0.06674376130104065,0.14221425354480743,0.05061988905072212,0.07201319187879562,0,0,0,0,0.0023571279327784245,16.235994519640194
5.0,64.0,0.1,11.0,0.6448841094970703,0.5695050358772278,0.22970063984394073,0.44354134798049927,0.2197248339653015,,0.043894827365875244,0.04414329677820206,0,0,0,0,0.007548951847572871,0.8216004592184885
25.0,64.0,0.1,24.0,0.6441482305526733,0.5815948843955994,0.2056857794523239,0.42665383219718933,0.1538977324962616,0.346427321434021,0.036835622042417526,0.031026426702737808,0,0,0,0,0.0048161099763316395,0.4832628270782342
25.0,32.0,0.1,3.0,0.6680190563201904,0.5977441668510437,0.5139255523681641,0.8954927325248718,0.06132302060723305,0.05970083549618721,0.04726363345980644,0.0359792597591877,0,0,0,0,0.0014506753724174981,17.130204020512064
5.0,64.0,0.1,23.0,0.8012120723724365,0.6646153926849365,0.2642214000225067,,0.16158610582351685,0.2520473003387451,0.0654640942811966,0.07362961024045944,0,0,0,0,0.005182500546752955,0.8481312367321523
5.0,32.0,0.1,7.0,1.9137567281723022,,0.2673417329788208,0.8138019442558289,0.09095390886068344,0.08096792548894882,0.05578521639108658,0.07187871634960175,0,0,0,0,0.004232628436049102,16.518658688252074
5.0,32.0,0.1,5.0,0.6676411032676697,0.5950160026550293,0.4998140037059784,4.488988876342773,0.07589834183454514,0.1418919712305069,0.034543395042419434,0.04306008666753769,0,0,0,0,0.005627478131858155,15.603214865932129
25.0,32.0,0.1,1.0,0.6640869975090027,0.5922669768333435,0.2544284164905548,0.6940949559211731,0.08140002191066742,0.12722094357013702,0.0407727025449276,0.028130142018198967,0,0,0,0,0.006196331456171489,11.301246065820123
25.0,32.0,0.1,16.0,0.6585420966148376,0.5880060195922852,0.2599271237850189,0.9117509722709656,0.08095652610063553,0.14913783967494965,0.03875083848834038,0.05376186966896057,0,0,0,0,0.004945924183427874,15.529519312441286
25.0,32.0,0.1,25.0,0.6702410578727722,0.6035258173942566,0.32399994134902954,1.1589020490646362,0.06448310613632202,0.10448501259088516,0.03550972416996956,0.03869084641337395,0,0,0,0,0.007093768077275353,16.37371307674506
5.0,32.0,0.1,12.0,0.6559365391731262,0.5970149040222168,0.531377911567688,,0.0722888708114624,0.14253880083560944,0.04274991154670715,0.02854016050696373,0,0,0,0,0.004452154571854994,16.743670745488632
5.0,64.0,0.1,20.0,0.634691059589386,0.6255069375038147,0.24607893824577332,0.7947590351104736,0.1840449720621109,0.38073790073394775,0.046974051743745804,0.047745343297719955,0,0,0,0,0.003093273087717563,1.366992338776839
15.0,64.0,0.1,6.0,8.509517669677734,17.539321899414062,0.24568477272987366,0.9300850629806519,0.1476120948791504,0.3200134336948395,0.035201240330934525,0.03271878510713577,0,0,0,0,0.004203788727302427,0.7790967052885855
5.0,32.0,0.1,18.0,0.668820858001709,0.5922605991363525,0.48594900965690613,0.9508501291275024,0.060030482709407806,0.05566856637597084,0.033310893923044205,0.030879797413945198,0,0,0,0,0.002910506374281141,15.727034901502517
25.0,64.0,0.1,18.0,0.6279361844062805,0.5769571661949158,0.18805041909217834,0.7811688184738159,0.15703988075256348,0.24278825521469116,0.08415982872247696,0.09001737087965012,0,0,0,0,0.0027687359528332234,0.7831489148287669
15.0,64.0,0.1,12.0,1.3201590776443481,1.129651427268982,0.21819761395454407,0.7071892619132996,0.1461147964000702,0.35798054933547974,0.0353858657181263,0.03592589125037193,0,0,0,0,0.003606869248153677,0.9026917291437497
25.0,32.0,0.1,28.0,0.6637548804283142,0.592900812625885,0.3790626525878906,1.0884106159210205,0.10679807513952255,0.0619509257376194,0.070003941655159,0.08116301894187927,0,0,0,0,0.004365037190966592,16.265291524358872
25.0,32.0,0.1,7.0,0.666799783706665,0.6062102317810059,0.4120851755142212,,0.05956057831645012,0.05045115202665329,0.0400531031191349,0.0373447984457016,0,0,0,0,0.0021016060020875305,18.172750731204165
25.0,64.0,0.1,21.0,0.659760057926178,0.6064543724060059,0.16766442358493805,0.2034926563501358,0.21568013727664948,0.6992323398590088,0.0377202145755291,0.03943872079253197,0,0,0,0,0.007423390207863312,1.7550131406219596
15.0,32.0,0.1,14.0,0.6607140302658081,0.5880590677261353,0.5474046468734741,,0.06423719227313995,0.11910179257392883,0.04916663095355034,0.059292249381542206,0,0,0,0,0.002599940860849914,15.283446171395404
5.0,64.0,0.1,18.0,8.71684741973877,19.10895347595215,0.2001105695962906,0.33998754620552063,0.14877112209796906,0.3969185948371887,0.05571306124329567,0.05069129541516304,0,0,0,0,0.006856570061329226,1.099480867202907
15.0,32.0,0.1,8.0,0.6480318307876587,0.5877209305763245,0.4063379466533661,0.9951532483100891,0.06642186641693115,0.05642284080386162,0.037838589400053024,0.03288345783948898,0,0,0,0,0.0006910392362519113,18.117682481772583
5.0,64.0,0.1,9.0,0.6785279512405396,0.6138110756874084,0.1822824776172638,0.7202816605567932,0.06140826269984245,0.05264400690793991,0.04416605830192566,0.04452681168913841,0,0,0,0,0.006645422321661432,16.88724023445554
5.0,32.0,0.1,20.0,0.6605854630470276,0.5854217410087585,0.31480440497398376,1.1129417419433594,0.08842884749174118,0.10183248668909073,0.05014347285032272,0.061880018562078476,0,0,0,0,0.004983763206643621,16.528266521767595
15.0,32.0,0.1,19.0,0.6748424768447876,0.595302939414978,0.4768325984477997,,0.058329321444034576,0.06871388852596283,0.0445951446890831,0.059459488838911057,0,0,0,0,0.002400815105321308,15.9276301786751
25.0,64.0,0.1,28.0,0.6882498264312744,0.6601701974868774,0.18354466557502747,0.31981179118156433,0.04418952018022537,0.0609704852104187,0.04195544123649597,0.05746481940150261,0,0,0,0,0.007726701133220271,12.8528038484749
15.0,32.0,0.1,23.0,0.6666164398193359,0.5966646075248718,0.498739093542099,0.8529729247093201,0.06366433948278427,0.07670748233795166,0.030969707295298576,0.0362582728266716,0,0,0,0,0.00242731027185239,16.860052038194894
25.0,32.0,0.1,13.0,0.660301685333252,0.601439893245697,0.4691149890422821,,0.09590757638216019,0.17933572828769684,0.037250686436891556,0.045896515250205994,0,0,0,0,0.0030191346274923703,14.954315211360827
5.0,32.0,0.1,30.0,0.6552361249923706,0.5703175067901611,0.5303670763969421,,0.0662904903292656,0.08388333767652512,0.036944516003131866,0.04329042136669159,0,0,0,0,0.0018697954391748706,16.770965446466565
25.0,64.0,0.1,9.0,1.4545180797576904,1.812800407409668,0.20240774750709534,0.4114317297935486,0.16232825815677643,0.17879195511341095,0.039502039551734924,0.032507095485925674,0,0,0,0,0.003455477677145269,1.7084575927578083
25.0,64.0,0.1,17.0,1.9366382360458374,,0.17948366701602936,0.41905054450035095,0.200403094291687,1.021042823791504,0.054117243736982346,0.04467564821243286,0,0,0,0,0.001710564534881276,0.7218718398716901
25.0,64.0,0.1,13.0,1.024572491645813,1.3965153694152832,0.213197261095047,0.30959367752075195,0.26224005222320557,,0.06412870436906815,0.04001075401902199,0,0,0,0,0.004071316463720276,0.6117766896702554
25.0,32.0,0.1,24.0,0.6501322984695435,0.5929709076881409,0.5000510811805725,,0.08603920787572861,0.07864902913570404,0.03684838116168976,0.04141242057085037,0,0,0,0,0.0038153278204206,16.97823175528201
15.0,32.0,0.1,6.0,0.6748619675636292,0.5975332260131836,0.5102066993713379,,0.07281085848808289,0.06556376814842224,0.0477280393242836,0.046991702169179916,0,0,0,0,0.0022234227796529282,16.8406473156667
15.0,64.0,0.1,29.0,1.696653962135315,5.058950901031494,0.22464320063591003,0.562658429145813,0.1379408985376358,0.34394586086273193,0.04544815793633461,0.041992127895355225,0,0,0,0,0.0025349063837581953,0.7491007525873381
25.0,64.0,0.1,20.0,6.435839653015137,13.960063934326172,0.21727803349494934,,0.16880349814891815,0.19903884828090668,0.041384484618902206,0.03169708698987961,0,0,0,0,0.0018128932698595612,1.3003245059508335
25.0,32.0,0.1,14.0,0.6615833044052124,0.600058376789093,0.5405636429786682,,0.07334089279174805,0.06516490131616592,0.03579698130488396,0.03732379153370857,0,0,0,0,0.006099406086086834,15.739986410220649
25.0,32.0,0.1,10.0,0.6516076922416687,0.5825887322425842,0.5279108285903931,,0.08202092349529266,0.06712836772203445,0.06674584001302719,0.06772056967020035,0,0,0,0,0.0036446846301526614,16.188727347336112
5.0,32.0,0.1,28.0,0.6694186329841614,0.6032624840736389,0.5416362881660461,,0.05947015434503555,0.06936512887477875,0.06927192956209183,0.07460132986307144,0,0,0,0,0.0033079440778792657,17.491717465173558
5.0,32.0,0.1,19.0,0.6726595759391785,0.58233243227005,0.2729741334915161,1.014917254447937,0.08796048909425735,0.056404825299978256,0.03649386018514633,0.043363701552152634,0,0,0,0,0.0027239445690840913,16.013043158883214
15.0,32.0,0.1,27.0,0.6972782611846924,0.6131218671798706,0.49214473366737366,0.9152592420578003,0.08558721840381622,0.08250807225704193,0.03755633533000946,0.035675548017024994,0,0,0,0,0.0008096186295680763,16.326270747936796
15.0,64.0,0.1,27.0,,,0.1692124754190445,0.7205007672309875,0.16792050004005432,0.7988306283950806,0.048235196620225906,0.05498708784580231,0,0,0,0,0.0037876578063960054,0.480751661221404
25.0,32.0,0.1,17.0,0.6496526598930359,0.6056239604949951,0.4962617754936218,0.8640145063400269,0.0746961310505867,0.13670103251934052,0.04618991166353226,0.08212860673666,0,0,0,0,0.0023268469054538166,14.965401999534457
5.0,64.0,0.1,24.0,0.6958373188972473,0.60663241147995,0.19294196367263794,0.3998980224132538,0.16836106777191162,0.23045490682125092,0.038752876222133636,0.03059251420199871,0,0,0,0,0.004676853855637209,1.9233744904450776
15.0,32.0,0.1,26.0,6.999409198760986,14.942977905273438,0.42909854650497437,1.1967133283615112,0.09702783077955246,0.08836846053600311,0.05158446729183197,0.04957183450460434,0,0,0,0,0.0029046007450483913,16.589028230624177
15.0,32.0,0.1,21.0,0.6749931573867798,0.5953581929206848,0.5403902530670166,,0.07628514617681503,0.13949863612651825,0.05617116391658783,0.04966064915060997,0,0,0,0,0.004839062935086513,13.859511676321414
25.0,64.0,0.1,19.0,,,0.2823188900947571,,0.22538651525974274,0.4822141230106354,0.050987545400857925,0.048658616840839386,0,0,0,0,0.00488728012352857,2.0572195685079775
15.0,64.0,0.1,30.0,0.6208189129829407,0.5532923936843872,0.16995806992053986,0.9963553547859192,0.05113838613033295,0.04451553523540497,0.034672811627388,0.045827750116586685,0,0,0,0,0.0027594668194197425,12.72215426659385
15.0,32.0,0.1,5.0,0.6594449877738953,0.5941182971000671,0.5323907136917114,1.316640853881836,0.07069596648216248,0.13742832839488983,0.038926489651203156,0.02824542112648487,0,0,0,0,0.00429365226094558,16.187363083388938
5.0,64.0,0.1,7.0,0.6517712473869324,0.5723945498466492,0.16812917590141296,0.21825841069221497,0.2708836793899536,,0.050008103251457214,0.05319564417004585,0,0,0,0,0.0024039028733797707,0.5294431890672757
15.0,32.0,0.1,29.0,0.6550177335739136,0.600240170955658,0.30939653515815735,,0.09380701929330826,0.10858168452978134,0.0471264123916626,0.05332851782441139,0,0,0,0,0.00265911319243306,17.039866966782558
5.0,64.0,0.1,22.0,0.6648643612861633,0.6548430323600769,0.17516034841537476,0.45682159066200256,0.16603460907936096,0.3815058767795563,0.05530025064945221,0.06929341703653336,0,0,0,0,0.0016563502315816159,0.730760572857834
5.0,64.0,0.1,16.0,1.2134596109390259,1.010370135307312,0.23313955962657928,0.7884481549263,0.22779040038585663,0.226042702794075,0.04391701519489288,0.040656428784132004,0,0,0,0,0.003353697512096687,2.1547518752156183
15.0,64.0,0.1,2.0,17.248363494873047,36.24748992919922,0.18390721082687378,,0.15476776659488678,0.31547829508781433,0.04305899143218994,0.05225834995508194,0,0,0,0,0.006273593365182739,1.3651263642452833
15.0,32.0,0.1,22.0,0.6627874374389648,0.5956494212150574,0.27407106757164,0.668005645275116,0.11925775557756424,0.12305352836847305,0.05865878239274025,0.05261605605483055,0,0,0,0,0.005065187216825473,18.18689098192561
25.0,32.0,0.1,22.0,0.6603561639785767,0.5934231281280518,0.4516550600528717,,0.069363534450531,0.057374924421310425,0.04845045506954193,0.04099542275071144,0,0,0,0,0.0036726577661760906,16.31043316297623
25.0,32.0,0.1,4.0,0.6418642997741699,0.5661189556121826,0.44197142124176025,1.10493004322052,0.07919226586818695,0.061295974999666214,0.05750879645347595,0.0749286636710167,0,0,0,0,0.008497352198920671,15.484244559665001
5.0,64.0,0.1,21.0,14.933738708496094,30.77004623413086,0.18684355914592743,0.2366698980331421,0.1519896239042282,0.3082296550273895,0.04618712142109871,0.045270178467035294,0,0,0,0,0.004753372035213421,0.9430451315071741
5.0,32.0,0.1,9.0,0.6658637523651123,0.6022018790245056,0.5236000418663025,,0.07851573824882507,0.14593537151813507,0.05558289960026741,0.05106426030397415,0,0,0,0,0.0010725876665875766,17.415302995870075
25.0,32.0,0.1,18.0,0.6508370041847229,0.5883554816246033,0.38299036026000977,1.1214631795883179,0.0794588178396225,0.1438903510570526,0.0413157120347023,0.04452800005674362,0,0,0,0,0.003535733609024927,12.729154133816659
5.0,32.0,0.1,22.0,0.6583511233329773,0.6009374260902405,0.4995487332344055,,0.07269984483718872,0.0601375475525856,0.049608707427978516,0.053130365908145905,0,0,0,0,0.005960072831086682,18.184913918871874
15.0,64.0,0.1,28.0,6.3814826011657715,13.17238998413086,0.21142709255218506,0.6483947038650513,0.14230845868587494,0.2926015555858612,0.03534075617790222,0.03703732043504715,0,0,0,0,0.002089961082500813,0.9419295864609046
5.0,32.0,0.1,23.0,0.6476255059242249,0.5771782994270325,0.48199906945228577,0.8825560212135315,0.09068171679973602,0.17705275118350983,0.040023136883974075,0.029848737642169,0,0,0,0,0.002908476430329987,12.469495842897906
5.0,64.0,0.1,2.0,,,0.18337512016296387,,0.17537739872932434,2.3061635494232178,0.0354054719209671,0.03707610443234444,0,0,0,0,0.004857669601340264,0.376171016060852
25.0,32.0,0.1,26.0,0.6782851219177246,0.5951633453369141,0.5112595558166504,,0.08424944430589676,0.17523083090782166,0.04777669161558151,0.05194650962948799,0,0,0,0,0.004496567586163014,15.772759684166822
25.0,32.0,0.1,19.0,0.6599413752555847,0.5976133942604065,0.5046457648277283,,0.08306077122688293,0.0763913094997406,0.04930511862039566,0.05249439924955368,0,0,0,0,0.006753809613406769,15.592249381487266
25.0,64.0,0.1,16.0,1.551108956336975,1.4491010904312134,0.18545646965503693,0.4840027093887329,0.1965368539094925,0.5073144435882568,0.03568754345178604,0.02875649370253086,0,0,0,0,0.00387307981573759,1.4789803915958397
5.0,64.0,0.1,30.0,5.139071941375732,8.763897895812988,0.2566372752189636,0.5716279149055481,0.7335662245750427,0.6518179178237915,0.042695898562669754,0.05789780616760254,0,0,0,0,0.0013163715027405543,5.782222737936974
25.0,64.0,0.1,27.0,15.850645065307617,32.62132263183594,0.2342936396598816,,0.14255234599113464,0.2489345520734787,0.03845851868391037,0.03558099642395973,0,0,0,0,0.006313738281263026,0.832946683620201
5.0,64.0,0.1,8.0,0.6931215524673462,0.7089047431945801,0.18000665307044983,0.17605219781398773,0.23116788268089294,0.3672155439853668,0.05207785218954086,0.04238777980208397,0,0,0,0,0.002030765344171348,1.536690402102751
15.0,64.0,0.1,25.0,,,0.29957079887390137,,0.16198433935642242,0.376738965511322,0.047183599323034286,0.03987390920519829,0,0,0,0,0.0019908502320218346,1.5467538170160537
5.0,64.0,0.1,1.0,0.658838152885437,0.6463986039161682,0.16815096139907837,0.43933477997779846,0.1594843715429306,0.2812269926071167,0.045902904123067856,0.0629599317908287,0,0,0,0,0.0026353811857180443,0.7082249371108567
25.0,64.0,0.1,5.0,1.8929705619812012,,0.2139163464307785,0.6218079328536987,0.17546628415584564,,0.04468769207596779,0.04585549980401993,0,0,0,0,0.003713280817854492,0.39155569631388754
25.0,64.0,0.1,7.0,0.6512438058853149,0.6045364141464233,0.18073421716690063,0.25202828645706177,0.15974061191082,0.5868508219718933,0.047515805810689926,0.0435895137488842,0,0,0,0,0.004599736472942428,1.168739451762937
15.0,64.0,0.1,17.0,3.7927000522613525,6.605337142944336,0.18702460825443268,0.29915764927864075,0.17711783945560455,0.4322654902935028,0.04404129460453987,0.029514223337173462,0,0,0,0,0.006319841181606334,1.18670525700295
5.0,64.0,0.1,15.0,0.6384506225585938,0.5746778249740601,0.23230335116386414,0.8570075631141663,0.23401756584644318,1.4378539323806763,0.04509270563721657,0.04809880256652832,0,0,0,0,0.0044082921484829285,0.7030217450306437
15.0,64.0,0.1,5.0,3.3438985347747803,3.4314098358154297,0.17249473929405212,0.2957175374031067,0.16160885989665985,0.26085132360458374,0.038211725652217865,0.030828487128019333,0,0,0,0,0.0036195834019594475,1.4919825596483436
5.0,32.0,0.1,11.0,0.6450906991958618,0.5818505883216858,0.3580157160758972,1.188249111175537,0.8891845345497131,0.4556730389595032,0.08309051394462585,0.0956626608967781,0,0,0,0,0.0038542126164151647,3.2942671420730045
5.0,32.0,0.1,16.0,0.6584572792053223,0.5930365324020386,0.508668839931488,1.25901198387146,0.20691736042499542,0.4794112741947174,0.03974606841802597,0.03847983106970787,0,0,0,0,0.003476523212386784,8.548726959305002
15.0,64.0,0.1,26.0,1.7296892404556274,,0.16755810379981995,0.3711903393268585,0.15705126523971558,0.5340589880943298,0.0348912812769413,0.0452127568423748,0,0,0,0,0.004680379632833631,0.9290977622672454
15.0,32.0,0.1,9.0,0.6634043455123901,0.5972009897232056,0.47940221428871155,1.7851603031158447,0.06002684310078621,0.0967969000339508,0.03582307696342468,0.04153566434979439,0,0,0,0,0.0021501571919464446,15.317330818983153
15.0,32.0,0.1,2.0,,,0.5227916836738586,,0.08136620372533798,0.07575066387653351,0.03885476291179657,0.034748949110507965,0,0,0,0,0.0035943975665369,16.447641391734496
