width,batch-time,learning-rate,reg-param,parameter-index,sample,replicate,beta_percent_err,beta_fit,beta_true,gamma_percent_err,gamma_fit,gamma_true,delta_percent_err,delta_fit,delta_true
5.0,64.0,0.1,0.1,1.0,6.0,1.0,0.8795241348882298,2.8192862023323446,1.5,0.21152765862858836,3.634582975885765,3.0,0.06718473285697057,1.0671847328569706,1.0
5.0,64.0,0.1,0.1,1.0,8.0,3.0,0.17955599322548554,1.2306660101617717,1.5,0.5647481416580197,4.694244424974059,3.0,0.3789300384782035,1.3789300384782035,1.0
5.0,64.0,0.1,0.1,2.0,1.0,1.0,11.260166842968502,18.390250264452753,1.5,0.3674678994030567,1.89759630179083,3.0,0.36091951581396875,0.6390804841860313,1.0
5.0,64.0,0.1,1.0,1.0,1.0,2.0,0.7208944446321118,0.41865833305183225,1.5,0.3609195158139688,1.9172414525580936,3.0,0.08396530050775564,1.0839653005077556,1.0
5.0,64.0,0.1,10.0,1.0,1.0,1.0,0.49284837372429485,0.7607274394135577,1.5,0.3609195158139688,1.9172414525580936,3.0,0.04217678241905132,1.0421767824190513,1.0
5.0,64.0,0.1,0.0,1.0,9.0,3.0,1.1904025819201305,3.2856038728801957,1.5,0.7782794100389226,5.334838230116768,3.0,0.16507673516121213,1.1650767351612121,1.0
5.0,64.0,0.1,10.0,1.0,5.0,2.0,0.3267300788630269,1.9900951182945403,1.5,0.06605049898479247,3.1981514969543774,3.0,0.05336597867087689,1.053365978670877,1.0
5.0,64.0,0.1,0.1,0.0,0.0,2.0,0.4376586748096509,0.8435119877855236,1.5,0.15940120259966584,2.5217963922010025,3.0,0.18761940302488256,1.1876194030248826,1.0
5.0,64.0,0.1,1.0,2.0,1.0,3.0,7.714838606360714,13.07225790954107,1.5,0.36118194799372727,1.9164541560188182,3.0,0.36091951581396875,0.6390804841860313,1.0
5.0,64.0,0.1,10.0,1.0,7.0,1.0,0.10996465896998127,1.335053011545028,1.5,0.37685716485275805,4.130571494558274,3.0,0.3564085988797123,1.3564085988797123,1.0
5.0,64.0,0.1,0.1,2.0,4.0,2.0,0.7033833181692616,0.4449250227461077,1.5,0.40972378120774894,1.7708286563767532,3.0,0.06195813336018574,0.9380418666398143,1.0
5.0,64.0,0.1,0.0,2.0,5.0,1.0,0.7086709020445957,0.43699364693310644,1.5,0.35450875295328305,1.936473741140151,3.0,0.06605049898479232,1.0660504989847923,1.0
5.0,64.0,0.1,1.0,2.0,4.0,1.0,0.7056148455904774,0.4415777316142838,1.5,0.3860707670420252,1.8417876988739244,3.0,0.06195813336018574,0.9380418666398143,1.0
5.0,64.0,0.1,0.0,0.0,9.0,3.0,0.7782794100389229,2.6674191150583844,1.5,0.040104064758592926,2.8796878057242212,3.0,0.10328622908688856,1.1032862290868886,1.0
5.0,64.0,0.1,1.0,2.0,8.0,1.0,0.5297363968392227,0.7053954047411659,1.5,0.005821682085508299,2.982534953743475,3.0,0.56474814165802,1.56474814165802,1.0
5.0,64.0,0.1,0.0,2.0,0.0,1.0,1.0378490852952673,3.056773627942901,1.5,0.5034027303734697,1.4897918088795907,3.0,0.4376586748096509,0.5623413251903491,1.0
5.0,64.0,0.1,0.0,0.0,1.0,1.0,0.3609195158139688,0.9586207262790468,1.5,0.2563912996528283,2.230826101041515,3.0,0.09030520027634603,1.090305200276346,1.0
5.0,64.0,0.1,1.0,0.0,0.0,2.0,0.4376586748096509,0.8435119877855236,1.5,0.07201539077629023,2.7839538276711293,3.0,0.2579385999636412,1.2579385999636412,1.0
5.0,64.0,0.1,10.0,2.0,4.0,3.0,0.8728519586871283,0.19072206196930747,1.5,0.48960645915299145,1.5311806225410256,3.0,0.06195813336018574,0.9380418666398143,1.0
5.0,64.0,0.1,0.1,2.0,1.0,2.0,0.48103365949547117,0.7784495107567933,1.5,0.5735054771468835,1.2794835685593495,3.0,0.36091951581396875,0.6390804841860313,1.0
5.0,64.0,0.1,0.0,0.0,0.0,2.0,0.4376586748096509,0.8435119877855236,1.5,0.1080732652562905,2.6757802042311285,3.0,0.21930536512849508,1.219305365128495,1.0
5.0,64.0,0.1,10.0,1.0,4.0,3.0,0.4060286026509509,0.8909570960235736,1.5,0.06195813336018574,2.8141255999194428,3.0,0.23748950572711425,1.2374895057271142,1.0
5.0,64.0,0.1,0.1,2.0,2.0,3.0,0.550859786580037,0.6737103201299446,1.5,0.53127371876631,1.4061788437010698,3.0,0.27370824982637876,0.7262917501736212,1.0
5.0,64.0,0.1,0.0,0.0,5.0,3.0,0.06605049898479232,1.5990757484771885,1.5,0.041599566544503475,2.8752013003664896,3.0,0.14899460955541932,1.1489946095554193,1.0
5.0,64.0,0.1,0.1,0.0,7.0,2.0,0.37685716485275833,2.0652857472791375,1.5,0.1420334378993601,2.5738996863019197,3.0,0.0095430690302174,0.9904569309697826,1.0
5.0,64.0,0.1,10.0,2.0,2.0,3.0,0.7070091864652114,0.43948622030218304,1.5,0.5691563797123815,1.2925308608628554,3.0,0.27370824982637876,0.7262917501736212,1.0
5.0,64.0,0.1,0.0,1.0,1.0,1.0,0.3613008428302557,0.9580487357546165,1.5,0.3609195158139688,1.9172414525580936,3.0,0.017666511125682627,1.0176665111256826,1.0
5.0,64.0,0.1,0.0,1.0,1.0,3.0,0.6512628926373802,0.5231056610439296,1.5,0.3609195158139688,1.9172414525580936,3.0,0.03782950275202768,1.0378295027520277,1.0
5.0,64.0,0.1,10.0,0.0,3.0,2.0,0.17459581473198163,1.2381062779020275,1.5,0.11645985075600625,2.6506204477319812,3.0,0.1982834114198886,1.1982834114198886,1.0
5.0,64.0,0.1,0.0,1.0,5.0,3.0,0.2020742771547804,1.1968885842678294,1.5,0.06605049898479247,3.1981514969543774,3.0,0.28264552785329533,1.2826455278532953,1.0
5.0,64.0,0.1,0.0,2.0,5.0,3.0,0.5734443964533625,0.6398334053199562,1.5,0.24812139571417827,2.255635812857465,3.0,0.06605049898479232,1.0660504989847923,1.0
5.0,64.0,0.1,1.0,0.0,3.0,1.0,0.17459581473198163,1.2381062779020275,1.5,0.14099972319337825,2.5770008304198653,3.0,0.14293633477290468,1.1429363347729047,1.0
5.0,64.0,0.1,1.0,2.0,9.0,1.0,0.8037337424033497,0.29439938639497537,1.5,0.20117742289526022,3.6035322686857807,3.0,0.7782794100389228,1.7782794100389228,1.0
5.0,64.0,0.1,1.0,1.0,2.0,2.0,0.010850892054575715,1.4837236619181364,1.5,0.27370824982637876,2.1788752505208637,3.0,0.009885000026296442,1.0098850000262964,1.0
5.0,64.0,0.1,0.0,2.0,2.0,3.0,0.93136738242118,0.10294892636822986,1.5,0.629785302688184,1.110644091935448,3.0,0.27370824982637876,0.7262917501736212,1.0
5.0,64.0,0.1,0.1,2.0,9.0,3.0,0.3956120425848704,0.9065819361226943,1.5,0.1974798233629446,3.592439470088834,3.0,0.7782794100389228,1.7782794100389228,1.0
5.0,64.0,0.1,0.0,2.0,4.0,2.0,0.7641813067280879,0.35372803990786816,1.5,0.40649540965025915,1.7805137710492225,3.0,0.06195813336018574,0.9380418666398143,1.0
5.0,64.0,0.1,1.0,0.0,4.0,3.0,0.06195813336018574,1.4070627999597214,1.5,0.18768235005039827,2.436952949848805,3.0,0.07455442266976342,1.0745544226697634,1.0
5.0,64.0,0.1,0.0,0.0,0.0,1.0,0.4376586748096509,0.8435119877855236,1.5,0.3390963928287209,1.9827108215138374,3.0,0.017380708206770068,1.01738070820677,1.0
5.0,64.0,0.1,1.0,1.0,9.0,3.0,1.1645565415424046,3.246834812313607,1.5,0.7782794100389226,5.334838230116768,3.0,0.19276631113074338,1.1927663111307434,1.0
5.0,64.0,0.1,1.0,1.0,6.0,1.0,0.42932724975732445,0.8560091253640133,1.5,0.21152765862858836,3.634582975885765,3.0,0.4659112679003712,1.4659112679003712,1.0
5.0,64.0,0.1,0.0,1.0,4.0,3.0,0.08819572515702105,1.3677064122644684,1.5,0.06195813336018574,2.8141255999194428,3.0,0.1486418358139392,1.1486418358139392,1.0
5.0,64.0,0.1,0.1,1.0,5.0,2.0,0.8303404146953465,2.7455106220430197,1.5,0.06605049898479247,3.1981514969543774,3.0,0.1595148289260957,1.1595148289260957,1.0
5.0,64.0,0.1,0.0,1.0,4.0,2.0,0.3337076018656749,0.9994385972014876,1.5,0.06195813336018574,2.8141255999194428,3.0,1.7217557661882124,2.7217557661882124,1.0
5.0,64.0,0.1,1.0,2.0,3.0,1.0,0.6324947706940173,0.551257843958974,1.5,0.5051236948648471,1.4846289154054588,3.0,0.1745958147319816,0.8254041852680184,1.0
5.0,64.0,0.1,0.1,1.0,9.0,3.0,1.0593739007749388,3.089060851162408,1.5,0.7782794100389226,5.334838230116768,3.0,0.18499127763625922,1.1849912776362592,1.0
5.0,64.0,0.1,0.1,1.0,2.0,1.0,6.673878192057642,11.510817288086463,1.5,0.27370824982637876,2.1788752505208637,3.0,0.09111100645938408,0.9088889935406159,1.0
5.0,64.0,0.1,0.0,2.0,3.0,2.0,0.8535446683987402,0.2196829974018898,1.5,0.5117772092690577,1.464668372192827,3.0,0.1745958147319816,0.8254041852680184,1.0
5.0,64.0,0.1,10.0,2.0,2.0,2.0,0.7945864374553437,0.30812034381698433,1.5,0.5774121464638601,1.2677635606084199,3.0,0.27370824982637876,0.7262917501736212,1.0
5.0,64.0,0.1,10.0,0.0,0.0,2.0,0.4376586748096509,0.8435119877855236,1.5,0.4340377051746496,4.302113115523949,3.0,0.12526854766963003,1.12526854766963,1.0
5.0,64.0,0.1,1.0,0.0,2.0,2.0,0.27370824982637876,1.0894376252604319,1.5,0.10023529463600278,2.6992941160919917,3.0,0.16196529210039912,1.1619652921003991,1.0
5.0,64.0,0.1,1.0,2.0,7.0,1.0,0.3964460638347866,0.9053309042478201,1.5,0.03521248825200848,3.1056374647560254,3.0,0.3768571648527581,1.376857164852758,1.0
5.0,64.0,0.1,10.0,2.0,4.0,1.0,0.8573272253324885,0.21400916200126724,1.5,0.473349519525247,1.579951441424259,3.0,0.06195813336018574,0.9380418666398143,1.0
5.0,64.0,0.1,10.0,1.0,9.0,2.0,0.9637411870344194,0.05438821944837099,1.5,0.7782794100389226,5.334838230116768,3.0,0.6964340788196417,1.6964340788196417,1.0
5.0,64.0,0.1,10.0,0.0,4.0,1.0,0.06195813336018574,1.4070627999597214,1.5,0.11844677352822848,2.6446596794153145,3.0,0.1569302671288355,1.1569302671288355,1.0
5.0,64.0,0.1,1.0,2.0,0.0,2.0,0.36720346246528507,0.9491948063020724,1.5,0.5934063323646392,1.2197810029060823,3.0,0.4376586748096509,0.5623413251903491,1.0
5.0,64.0,0.1,1.0,2.0,3.0,2.0,0.898760644748763,0.15185903287685532,1.5,0.5239907620103685,1.4280277139688944,3.0,0.1745958147319816,0.8254041852680184,1.0
5.0,64.0,0.1,0.0,1.0,7.0,1.0,1.6093343358309904,-0.9140015037464856,1.5,0.37685716485275805,4.130571494558274,3.0,0.6249978812668104,1.6249978812668104,1.0
5.0,64.0,0.1,1.0,2.0,5.0,2.0,0.2090498994848565,1.8135748492272847,1.5,0.12664138480561485,2.6200758455831554,3.0,0.06605049898479232,1.0660504989847923,1.0
5.0,64.0,0.1,10.0,1.0,4.0,1.0,0.4978607866055356,0.7532088200916965,1.5,0.06195813336018574,2.8141255999194428,3.0,0.2585288512752053,1.2585288512752053,1.0
5.0,64.0,0.1,1.0,0.0,3.0,2.0,0.17459581473198163,1.2381062779020275,1.5,0.029903991677361724,2.910288024967915,3.0,0.23125187322113328,1.2312518732211333,1.0
5.0,64.0,0.1,0.1,0.0,2.0,1.0,0.27370824982637876,1.0894376252604319,1.5,0.06545787951820037,2.803626361445399,3.0,0.23145433360186818,1.2314543336018682,1.0
5.0,64.0,0.1,1.0,0.0,9.0,3.0,0.7782794100389229,2.6674191150583844,1.5,0.15448128123482707,2.536556156295519,3.0,0.005154727489733002,0.994845272510267,1.0
5.0,64.0,0.1,10.0,0.0,3.0,3.0,0.17459581473198163,1.2381062779020275,1.5,0.1471213389991156,2.5586359830026533,3.0,0.14242190704928337,1.1424219070492834,1.0
5.0,64.0,0.1,1.0,1.0,2.0,3.0,0.6647500747755108,0.5028748878367337,1.5,0.27370824982637876,2.1788752505208637,3.0,0.1503261067857431,1.150326106785743,1.0
5.0,64.0,0.1,0.0,0.0,3.0,1.0,0.17459581473198163,1.2381062779020275,1.5,0.12312827670010777,2.6306151698996767,3.0,0.15425146843493232,1.1542514684349323,1.0
5.0,64.0,0.1,0.0,1.0,0.0,2.0,0.7230848774149691,0.4153726838775465,1.5,0.4376586748096509,1.6870239755710472,3.0,0.013310811729982164,0.9866891882700178,1.0
5.0,64.0,0.1,10.0,1.0,8.0,2.0,0.8990775034508798,0.1513837448236803,1.5,0.5647481416580197,4.694244424974059,3.0,0.4938856693771174,1.4938856693771174,1.0
5.0,64.0,0.1,1.0,0.0,5.0,3.0,0.06605049898479232,1.5990757484771885,1.5,0.15072061644293186,2.5478381506712044,3.0,0.0654058497002008,1.0654058497002008,1.0
5.0,64.0,0.1,10.0,2.0,9.0,3.0,0.4507957033939156,0.8238064449091266,1.5,0.14657470434479736,3.439724113034392,3.0,0.7782794100389228,1.7782794100389228,1.0
5.0,64.0,0.1,0.0,2.0,6.0,1.0,0.23103649591100872,1.846554743866513,1.5,0.04119270372871364,3.123578111186141,3.0,0.21152765862858836,1.2115276586285884,1.0
5.0,64.0,0.1,0.1,2.0,9.0,1.0,0.5616401672445716,0.6575397491331426,1.5,0.12380162733994989,3.3714048820198497,3.0,0.7782794100389228,1.7782794100389228,1.0
5.0,64.0,0.1,1.0,1.0,6.0,3.0,0.6065749150984061,2.409862372647609,1.5,0.21152765862858836,3.634582975885765,3.0,0.07694104093476928,1.0769410409347693,1.0
5.0,64.0,0.1,0.0,2.0,8.0,3.0,0.4310100550109706,0.853484917483544,1.5,0.037411186701837185,3.1122335601055116,3.0,0.56474814165802,1.56474814165802,1.0
5.0,64.0,0.1,10.0,2.0,0.0,3.0,8.137564589615673,13.70634688442351,1.5,0.3659435360102686,1.9021693919691942,3.0,0.4376586748096509,0.5623413251903491,1.0
5.0,64.0,0.1,0.0,1.0,4.0,1.0,0.34666547400957254,0.9800017889856412,1.5,0.06195813336018574,2.8141255999194428,3.0,0.2202827636054323,1.2202827636054323,1.0
5.0,64.0,0.1,0.1,2.0,1.0,3.0,0.31193749297638096,1.9679062394645714,1.5,0.44631057246894046,1.6610682825931786,3.0,0.36091951581396875,0.6390804841860313,1.0
5.0,64.0,0.1,10.0,0.0,2.0,1.0,0.27370824982637876,1.0894376252604319,1.5,0.06946891323478684,2.7915932602956395,3.0,0.1899037022171055,1.1899037022171055,1.0
5.0,64.0,0.1,0.0,1.0,6.0,3.0,0.4115407298125666,0.8826889052811501,1.5,0.21152765862858836,3.634582975885765,3.0,0.1856243610431625,1.1856243610431625,1.0
5.0,64.0,0.1,0.1,2.0,5.0,1.0,0.059530645034976036,1.589295967552464,1.5,0.11284660663156476,2.6614601801053057,3.0,0.06605049898479232,1.0660504989847923,1.0
5.0,64.0,0.1,1.0,0.0,8.0,1.0,0.5647481416580199,2.34712221248703,1.5,0.20627366170983205,2.381179014870504,3.0,0.033614738114037035,1.033614738114037,1.0
5.0,64.0,0.1,0.1,0.0,0.0,1.0,0.4376586748096509,0.8435119877855236,1.5,0.30084509693850353,2.0974647091844894,3.0,0.06921378846200943,1.0692137884620094,1.0
5.0,64.0,0.1,1.0,0.0,2.0,1.0,0.27370824982637876,1.0894376252604319,1.5,0.07237313786763488,2.7828805863970953,3.0,0.20834423017325343,1.2083442301732534,1.0
5.0,64.0,0.1,0.0,1.0,7.0,2.0,1.0753424333237531,3.11301364998563,1.5,0.37685716485275805,4.130571494558274,3.0,0.12153207024816837,1.1215320702481684,1.0
5.0,64.0,0.1,1.0,0.0,5.0,1.0,0.06605049898479232,1.5990757484771885,1.5,0.09130758725034498,2.726077238248965,3.0,0.14334694991941954,1.1433469499194195,1.0
5.0,64.0,0.1,0.1,0.0,6.0,1.0,0.21152765862858836,1.8172914879428825,1.5,0.14044940885194293,2.578651773444171,3.0,0.020083833606312496,1.0200838336063125,1.0
5.0,64.0,0.1,10.0,0.0,6.0,3.0,0.21152765862858836,1.8172914879428825,1.5,0.054302693200830955,2.837091920397507,3.0,0.07940678844146021,1.0794067884414602,1.0
5.0,64.0,0.1,10.0,1.0,2.0,3.0,0.331980031620676,1.002029952568986,1.5,0.27370824982637876,2.1788752505208637,3.0,0.006404421724910847,1.0064044217249108,1.0
5.0,64.0,0.1,10.0,1.0,2.0,1.0,0.4651017175021878,0.8023474237467183,1.5,0.27370824982637876,2.1788752505208637,3.0,0.13771787748745634,1.1377178774874563,1.0
5.0,64.0,0.1,10.0,1.0,0.0,1.0,0.760464009787655,0.35930398531851737,1.5,0.4376586748096509,1.6870239755710472,3.0,0.03091683285662805,1.030916832856628,1.0
5.0,64.0,0.1,1.0,2.0,8.0,3.0,6.236262368161626,10.854393552242438,1.5,0.1959166390642119,3.5877499171926357,3.0,0.56474814165802,1.56474814165802,1.0
5.0,64.0,0.1,10.0,2.0,6.0,1.0,0.22494766358438265,1.162578504623426,1.5,0.039352668252462454,2.8819419952426126,3.0,0.21152765862858836,1.2115276586285884,1.0
5.0,64.0,0.1,0.0,0.0,6.0,2.0,0.21152765862858836,1.8172914879428825,1.5,0.02648339217498119,3.0794501765249436,3.0,0.20767684267798336,1.2076768426779834,1.0
5.0,64.0,0.1,0.0,2.0,7.0,3.0,0.47978089411224806,0.7803286588316279,1.5,0.010754442800636385,2.967736671598091,3.0,0.3768571648527581,1.376857164852758,1.0
5.0,64.0,0.1,10.0,0.0,1.0,3.0,0.3609195158139688,0.9586207262790468,1.5,0.05536475434846455,2.8339057369546063,3.0,0.24024358097708287,1.2402435809770829,1.0
5.0,64.0,0.1,10.0,2.0,3.0,2.0,0.4159028173799883,0.8761457739300176,1.5,0.4000915870052313,1.7997252389843061,3.0,0.1745958147319816,0.8254041852680184,1.0
5.0,64.0,0.1,0.0,0.0,4.0,1.0,0.06195813336018574,1.4070627999597214,1.5,0.0995202323488494,2.701439302953452,3.0,0.19297097322475287,1.1929709732247529,1.0
5.0,64.0,0.1,1.0,1.0,9.0,2.0,0.24776974309948394,1.871654614649226,1.5,0.7782794100389226,5.334838230116768,3.0,0.2501290751708969,1.2501290751708969,1.0
5.0,64.0,0.1,0.1,1.0,6.0,3.0,0.1618443452986722,1.7427665179480083,1.5,0.21152765862858836,3.634582975885765,3.0,0.055190458041640245,1.0551904580416402,1.0
5.0,64.0,0.1,0.0,0.0,3.0,2.0,0.17459581473198163,1.2381062779020275,1.5,0.26509914457666656,2.2047025662700004,3.0,0.014628413609439894,0.9853715863905601,1.0
5.0,64.0,0.1,1.0,0.0,7.0,3.0,0.37685716485275833,2.0652857472791375,1.5,0.2070563630572142,2.3788309108283574,3.0,0.004220241826108917,0.9957797581738911,1.0
5.0,64.0,0.1,10.0,1.0,6.0,1.0,1.0976646200942701,-0.1464969301414052,1.5,0.21152765862858836,3.634582975885765,3.0,0.513967723422307,1.513967723422307,1.0
5.0,64.0,0.1,0.1,0.0,9.0,3.0,0.7782794100389229,2.6674191150583844,1.5,0.17204573833651068,2.483862784990468,3.0,0.0049810466606742265,0.9950189533393258,1.0
5.0,64.0,0.1,1.0,1.0,4.0,3.0,0.2732555948870486,1.909883392330573,1.5,0.06195813336018574,2.8141255999194428,3.0,0.06291406497939711,1.062914064979397,1.0
5.0,64.0,0.1,10.0,0.0,8.0,2.0,0.5647481416580199,2.34712221248703,1.5,0.13988588184171005,2.58034235447487,3.0,0.05636595091809227,1.0563659509180923,1.0
5.0,64.0,0.1,0.1,0.0,9.0,2.0,0.7782794100389229,2.6674191150583844,1.5,0.1528076745543777,2.541576976336867,3.0,0.046520386512534984,1.046520386512535,1.0
5.0,64.0,0.1,1.0,1.0,1.0,1.0,0.39707730319831286,0.9043840452025307,1.5,0.3609195158139688,1.9172414525580936,3.0,0.02007181037096306,0.9799281896290369,1.0
5.0,64.0,0.1,0.1,0.0,2.0,3.0,0.27370824982637876,1.0894376252604319,1.5,0.21086496813525413,2.3674050955942376,3.0,0.10622867831728411,1.106228678317284,1.0
5.0,64.0,0.1,10.0,1.0,3.0,3.0,6.279772174262971,10.919658261394456,1.5,0.1745958147319815,2.4762125558040555,3.0,0.0027857443604569765,0.997214255639543,1.0
5.0,64.0,0.1,1.0,2.0,9.0,3.0,6.473516029580979,11.210274044371468,1.5,0.22165808271884835,3.664974248156545,3.0,0.7782794100389228,1.7782794100389228,1.0
5.0,64.0,0.1,1.0,1.0,9.0,1.0,4.491852859790917,8.237779289686376,1.5,0.7782794100389226,5.334838230116768,3.0,0.3239782074680646,1.3239782074680646,1.0
5.0,64.0,0.1,0.0,2.0,2.0,1.0,0.4548823843030887,0.817676423545367,1.5,0.5417654518001463,1.3747036445995608,3.0,0.27370824982637876,0.7262917501736212,1.0
5.0,64.0,0.1,0.0,0.0,1.0,3.0,0.3609195158139688,0.9586207262790468,1.5,0.180904429393652,2.457286711819044,3.0,0.15407388752415874,1.1540738875241587,1.0
5.0,64.0,0.1,0.1,2.0,4.0,3.0,0.3877837709472534,0.9183243435791199,1.5,0.29910160672518415,2.1026951798244475,3.0,0.06195813336018574,0.9380418666398143,1.0
5.0,64.0,0.1,1.0,0.0,9.0,1.0,0.7782794100389229,2.6674191150583844,1.5,0.21632302589367938,2.351030922318962,3.0,0.011184914928417555,0.9888150850715824,1.0
5.0,64.0,0.1,1.0,1.0,0.0,2.0,0.8635740254810235,0.20463896177846475,1.5,0.4376586748096509,1.6870239755710472,3.0,0.00488871318617512,0.9951112868138249,1.0
5.0,64.0,0.1,10.0,1.0,2.0,2.0,0.6002650728205973,0.599602390769104,1.5,0.27370824982637876,2.1788752505208637,3.0,0.12046524309839324,1.1204652430983932,1.0
5.0,64.0,0.1,10.0,2.0,8.0,1.0,0.6931028910012218,0.46034566349816725,1.5,0.016761848052935086,2.9497144558411947,3.0,0.56474814165802,1.56474814165802,1.0
5.0,64.0,0.1,0.0,0.0,0.0,0.0,0.4376586748096509,0.8435119877855236,1.5,0.21267579693560368,2.361972609193189,3.0,0.10721887370234384,1.1072188737023438,1.0
5.0,64.0,0.1,0.0,1.0,0.0,1.0,0.902838428321706,0.14574235751744097,1.5,0.4376586748096509,1.6870239755710472,3.0,0.0027152568440002023,0.9972847431559998,1.0
5.0,64.0,0.1,1.0,2.0,3.0,3.0,11.478064727829716,18.717097091744574,1.5,0.1852268609500666,2.4443194171498,3.0,0.1745958147319816,0.8254041852680184,1.0
5.0,64.0,0.1,1.0,0.0,2.0,3.0,0.27370824982637876,1.0894376252604319,1.5,0.18397173814549284,2.4480847855635215,3.0,0.15053476389871,1.15053476389871,1.0
5.0,64.0,0.1,1.0,2.0,5.0,1.0,0.8007319970733736,0.2989020043899394,1.5,0.35915575224226104,1.9225327432732169,3.0,0.06605049898479232,1.0660504989847923,1.0
5.0,64.0,0.1,10.0,0.0,1.0,2.0,0.3609195158139688,0.9586207262790468,1.5,0.19731699863385468,2.408049004098436,3.0,0.16476488939706124,1.1647648893970612,1.0
5.0,64.0,0.1,1.0,2.0,4.0,3.0,9.35425732937924,15.531385994068861,1.5,0.12217928038810848,2.6334621588356746,3.0,0.06195813336018574,0.9380418666398143,1.0
5.0,64.0,0.1,1.0,1.0,4.0,2.0,0.03843875682295176,1.5576581352344276,1.5,0.06195813336018574,2.8141255999194428,3.0,0.18378616097867995,1.18378616097868,1.0
5.0,64.0,0.1,0.0,2.0,9.0,2.0,0.5068027458893288,0.7397958811660067,1.5,0.2321347754590651,3.6964043263771953,3.0,0.7782794100389228,1.7782794100389228,1.0
5.0,64.0,0.1,0.1,1.0,7.0,3.0,2.1520617689777253,4.728092653466588,1.5,0.37685716485275805,4.130571494558274,3.0,2.6811567069298796,3.6811567069298796,1.0
5.0,64.0,0.1,0.1,1.0,1.0,1.0,0.5214640156086529,0.7178039765870208,1.5,0.3609195158139688,1.9172414525580936,3.0,0.040762577804168476,1.0407625778041685,1.0
5.0,64.0,0.1,10.0,2.0,3.0,1.0,0.763360181053495,0.3549597284197574,1.5,0.5237213069950908,1.4288360790147276,3.0,0.1745958147319816,0.8254041852680184,1.0
5.0,64.0,0.1,0.1,1.0,9.0,2.0,0.34997847696055295,2.0249677154408294,1.5,0.7782794100389226,5.334838230116768,3.0,0.2591314525494739,1.259131452549474,1.0
5.0,64.0,0.1,10.0,0.0,1.0,1.0,0.3609195158139688,0.9586207262790468,1.5,0.07739989940536374,2.767800301783909,3.0,0.23379884177304366,1.2337988417730437,1.0
5.0,64.0,0.1,0.1,1.0,3.0,1.0,0.5835159996812356,0.6247260004781466,1.5,0.1745958147319815,2.4762125558040555,3.0,0.1906220806078589,1.190622080607859,1.0
5.0,64.0,0.1,1.0,0.0,5.0,2.0,0.06605049898479232,1.5990757484771885,1.5,0.17021372783966493,2.489358816481005,3.0,0.06503543270364331,1.0650354327036433,1.0
5.0,64.0,0.1,0.1,2.0,7.0,3.0,0.1679811352358224,1.2480282971462664,1.5,0.02263930307174415,2.9320820907847676,3.0,0.3768571648527581,1.376857164852758,1.0
5.0,64.0,0.1,1.0,0.0,4.0,2.0,0.06195813336018574,1.4070627999597214,1.5,0.0605349793383548,2.8183950619849356,3.0,0.19833445799895344,1.1983344579989534,1.0
5.0,64.0,0.1,0.0,0.0,7.0,3.0,0.37685716485275833,2.0652857472791375,1.5,0.16954415326629935,2.491367540201102,3.0,0.021179695832779677,1.0211796958327797,1.0
5.0,64.0,0.1,0.0,1.0,3.0,3.0,0.1079036312094123,1.3381445531858815,1.5,0.1745958147319815,2.4762125558040555,3.0,0.06219983185285649,1.0621998318528565,1.0
5.0,64.0,0.1,1.0,1.0,8.0,2.0,1.777376077219018,-1.1660641158285265,1.5,0.5647481416580197,4.694244424974059,3.0,0.7704849153652684,1.7704849153652684,1.0
5.0,64.0,0.1,10.0,1.0,3.0,1.0,0.6345809302946936,0.5481286045579595,1.5,0.1745958147319815,2.4762125558040555,3.0,0.21820181492926105,1.218201814929261,1.0
5.0,64.0,0.1,1.0,2.0,2.0,3.0,11.8555333843369,19.28330007650535,1.5,0.25263837520239063,2.242084874392828,3.0,0.27370824982637876,0.7262917501736212,1.0
5.0,64.0,0.1,10.0,1.0,6.0,3.0,0.2825522193240202,1.9238283289860303,1.5,0.21152765862858836,3.634582975885765,3.0,0.12999439161580817,1.1299943916158082,1.0
5.0,64.0,0.1,0.1,0.0,6.0,2.0,0.21152765862858836,1.8172914879428825,1.5,0.8759532324185573,5.627859697255672,3.0,1.673742911722206,2.673742911722206,1.0
5.0,64.0,0.1,0.0,2.0,1.0,2.0,0.7672146119482454,0.3491780820776321,1.5,0.6296997638776506,1.1109007083670484,3.0,0.36091951581396875,0.6390804841860313,1.0
5.0,64.0,0.1,10.0,2.0,0.0,1.0,5.892187086412353,10.338280629618529,1.5,0.40496979345363515,1.7850906196390945,3.0,0.4376586748096509,0.5623413251903491,1.0
5.0,64.0,0.1,10.0,0.0,6.0,1.0,0.21152765862858836,1.8172914879428825,1.5,0.03159452186848603,2.905216434394542,3.0,0.1645366013561218,1.1645366013561218,1.0
5.0,64.0,0.1,0.1,1.0,9.0,1.0,0.7316718478835146,2.597507771825272,1.5,0.7782794100389226,5.334838230116768,3.0,0.14650571226848919,1.1465057122684892,1.0
5.0,64.0,0.1,0.0,1.0,2.0,1.0,0.5444317399688149,0.6833523900467776,1.5,0.27370824982637876,2.1788752505208637,3.0,0.12613124514334384,1.1261312451433438,1.0
5.0,64.0,0.1,0.0,0.0,7.0,1.0,0.37685716485275833,2.0652857472791375,1.5,0.1365749908459207,2.590275027462238,3.0,0.05601990627609177,1.0560199062760918,1.0
5.0,64.0,0.1,10.0,2.0,8.0,2.0,0.6285668697046306,0.557149695443054,1.5,0.06551846500495644,2.8034446049851307,3.0,0.56474814165802,1.56474814165802,1.0
5.0,64.0,0.1,1.0,1.0,7.0,2.0,0.7442129967425005,2.6163194951137507,1.5,0.37685716485275805,4.130571494558274,3.0,0.12392237711951526,1.1239223771195153,1.0
5.0,64.0,0.1,1.0,1.0,5.0,1.0,0.22953885965154264,1.844308289477314,1.5,0.06605049898479247,3.1981514969543774,3.0,0.20191420181624942,1.2019142018162494,1.0
5.0,64.0,0.1,10.0,2.0,1.0,3.0,0.8020503045282003,0.2969245432076997,1.5,0.6249948745927483,1.1250153762217552,3.0,0.36091951581396875,0.6390804841860313,1.0
5.0,64.0,0.1,10.0,0.0,0.0,1.0,0.4376586748096509,0.8435119877855236,1.5,0.13699610428246212,2.5890116871526136,3.0,0.21623836212046554,1.2162383621204655,1.0
5.0,64.0,0.1,0.0,2.0,1.0,1.0,0.5748442062692894,0.6377336905960658,1.5,0.6017475351237879,1.1947573946286365,3.0,0.36091951581396875,0.6390804841860313,1.0
5.0,64.0,0.1,1.0,2.0,9.0,2.0,0.9440341266741158,0.08394880998882627,1.5,0.6417970711676558,4.925391213502968,3.0,0.7782794100389228,1.7782794100389228,1.0
5.0,64.0,0.1,0.0,0.0,3.0,3.0,0.17459581473198163,1.2381062779020275,1.5,0.08420010525953388,2.7473996842213984,3.0,0.17663298302726305,1.176632983027263,1.0
5.0,64.0,0.1,10.0,0.0,7.0,3.0,0.37685716485275833,2.0652857472791375,1.5,0.24826017057029137,2.255219488289126,3.0,0.036010460925474,0.963989539074526,1.0
5.0,64.0,0.1,1.0,0.0,3.0,3.0,0.17459581473198163,1.2381062779020275,1.5,0.0027676086202251446,3.0083028258606754,3.0,0.21170790561777864,1.2117079056177786,1.0
5.0,64.0,0.1,1.0,2.0,7.0,2.0,0.3908126719918576,0.9137809920122136,1.5,0.03802376955083172,2.885928691347505,3.0,0.3768571648527581,1.376857164852758,1.0
5.0,64.0,0.1,0.1,2.0,7.0,1.0,0.1417349077195468,1.2873976384206798,1.5,0.08520973731572079,3.2556292119471624,3.0,0.3768571648527581,1.376857164852758,1.0
5.0,64.0,0.1,0.1,2.0,3.0,2.0,9.768953691900906,16.15343053785136,1.5,0.19571514220617012,2.4128545733814897,3.0,0.1745958147319816,0.8254041852680184,1.0
5.0,64.0,0.1,0.1,2.0,5.0,3.0,1.0143618128904954,-0.021542719335743053,1.5,0.4386603857621047,1.684018842713686,3.0,0.06605049898479232,1.0660504989847923,1.0
5.0,64.0,0.1,0.0,2.0,8.0,2.0,0.3608262887978744,0.9587605668031884,1.5,0.06615743966969667,3.19847231900909,3.0,0.56474814165802,1.56474814165802,1.0
5.0,64.0,0.1,0.1,2.0,2.0,2.0,0.4612884046222243,0.8080673930666635,1.5,0.49790607263024006,1.5062817821092798,3.0,0.27370824982637876,0.7262917501736212,1.0
5.0,64.0,0.1,10.0,2.0,6.0,2.0,0.6068399552108671,0.5897400671836994,1.5,0.21652274615200792,2.3504317615439763,3.0,0.21152765862858836,1.2115276586285884,1.0
5.0,64.0,0.1,10.0,2.0,1.0,1.0,11.009662527177262,18.014493790765894,1.5,0.3463503661026317,1.960948901692105,3.0,0.36091951581396875,0.6390804841860313,1.0
5.0,64.0,0.1,0.0,2.0,8.0,1.0,0.2738653760359438,1.0892019359460843,1.5,0.11659095093459444,3.3497728528037833,3.0,0.56474814165802,1.56474814165802,1.0
5.0,64.0,0.1,10.0,1.0,9.0,1.0,0.20228387353422286,1.8034258103013343,1.5,0.7782794100389226,5.334838230116768,3.0,0.1734868111468464,1.1734868111468464,1.0
5.0,64.0,0.1,10.0,0.0,5.0,3.0,0.06605049898479232,1.5990757484771885,1.5,0.22106295857218208,2.3368111242834537,3.0,0.0154774990396227,1.0154774990396227,1.0
5.0,64.0,0.1,0.1,1.0,0.0,1.0,0.8482883477958342,0.22756747830624874,1.5,0.4376586748096509,1.6870239755710472,3.0,0.00046886796443090795,1.000468867964431,1.0
5.0,64.0,0.1,0.0,2.0,6.0,3.0,0.10551711980796208,1.6582756797119431,1.5,0.03468200897844831,2.895953973064655,3.0,0.21152765862858836,1.2115276586285884,1.0
5.0,64.0,0.1,0.0,2.0,7.0,2.0,0.2918686986765218,1.0621969519852172,1.5,0.02168804856814151,2.9349358542955755,3.0,0.3768571648527581,1.376857164852758,1.0
5.0,64.0,0.1,1.0,0.0,8.0,3.0,0.5647481416580199,2.34712221248703,1.5,0.05701307054330081,2.8289607883700976,3.0,0.004233989834747542,0.9957660101652525,1.0
5.0,64.0,0.1,10.0,2.0,9.0,2.0,0.6981886902187474,0.45271696467187894,1.5,0.008347611650798559,3.0250428349523957,3.0,0.7782794100389228,1.7782794100389228,1.0
5.0,64.0,0.1,0.1,0.0,8.0,3.0,0.5647481416580199,2.34712221248703,1.5,0.02195224213155707,3.065856726394671,3.0,0.0559823873327141,1.055982387332714,1.0
5.0,64.0,0.1,10.0,2.0,0.0,2.0,4.973888095699251,8.960832143548876,1.5,0.44058846929028156,1.6782345921291553,3.0,0.4376586748096509,0.5623413251903491,1.0
5.0,64.0,0.1,1.0,0.0,4.0,1.0,0.06195813336018574,1.4070627999597214,1.5,0.14586221004965058,2.5624133698510483,3.0,0.12673711549200606,1.126737115492006,1.0
5.0,64.0,0.1,0.1,2.0,6.0,2.0,0.29163423980349706,1.0625486402947544,1.5,0.08785756218286611,2.7364273134514017,3.0,0.21152765862858836,1.2115276586285884,1.0
5.0,64.0,0.1,10.0,0.0,7.0,1.0,0.37685716485275833,2.0652857472791375,1.5,0.10657314354940735,2.680280569351778,3.0,0.023431509473050616,1.0234315094730506,1.0
5.0,64.0,0.1,0.0,0.0,8.0,3.0,0.5647481416580199,2.34712221248703,1.5,0.179818828352264,2.460543514943208,3.0,0.05398871884407763,0.9460112811559224,1.0
5.0,64.0,0.1,0.1,0.0,3.0,1.0,0.17459581473198163,1.2381062779020275,1.5,0.17505456644695302,2.474836300659141,3.0,0.09245673158627876,1.0924567315862788,1.0
5.0,64.0,0.1,10.0,2.0,9.0,1.0,0.5444934857399045,0.6832597713901433,1.5,0.07417485767015923,3.2225245730104777,3.0,0.7782794100389228,1.7782794100389228,1.0
5.0,64.0,0.1,0.0,1.0,5.0,2.0,0.2543644259238012,1.1184533611142982,1.5,0.06605049898479247,3.1981514969543774,3.0,0.29228370831051453,1.2922837083105145,1.0
5.0,64.0,0.1,0.0,2.0,4.0,1.0,0.2570512271149787,1.114423159327532,1.5,0.272058514837354,2.183824455487938,3.0,0.06195813336018574,0.9380418666398143,1.0
5.0,64.0,0.1,0.0,0.0,1.0,2.0,0.3609195158139688,0.9586207262790468,1.5,0.2338683438915933,2.29839496832522,3.0,0.11072748575543878,1.1107274857554388,1.0
5.0,64.0,0.1,1.0,1.0,4.0,1.0,0.43701819897511845,0.8444727015373223,1.5,0.06195813336018574,2.8141255999194428,3.0,0.25056073593503525,1.2505607359350353,1.0
5.0,64.0,0.1,1.0,1.0,5.0,2.0,0.4981637316978915,0.7527544024531627,1.5,0.06605049898479247,3.1981514969543774,3.0,0.2866871971950302,1.2866871971950302,1.0
5.0,64.0,0.1,0.1,0.0,7.0,3.0,0.37685716485275833,2.0652857472791375,1.5,0.17412017273835959,2.477639481784921,3.0,0.03045487681027015,1.0304548768102701,1.0
5.0,64.0,0.1,0.0,2.0,2.0,2.0,0.7871962881542384,0.31920556776864245,1.5,0.5874930930756352,1.2375207207730943,3.0,0.27370824982637876,0.7262917501736212,1.0
5.0,64.0,0.1,0.1,0.0,4.0,3.0,0.06195813336018574,1.4070627999597214,1.5,0.10723502866783008,2.6782949139965098,3.0,0.13518812821889492,1.135188128218895,1.0
5.0,64.0,0.1,1.0,2.0,6.0,3.0,7.962030060030572,13.443045090045858,1.5,0.0030921194481072036,3.0092763583443216,3.0,0.21152765862858836,1.2115276586285884,1.0
5.0,64.0,0.1,0.0,0.0,5.0,2.0,0.06605049898479232,1.5990757484771885,1.5,0.0831325120651621,2.7506024638045137,3.0,0.15152097481808324,1.1515209748180832,1.0
5.0,64.0,0.1,1.0,0.0,1.0,1.0,0.3609195158139688,0.9586207262790468,1.5,0.1562185267876043,2.531344419637187,3.0,0.157996716532101,1.157996716532101,1.0
5.0,64.0,0.1,10.0,1.0,6.0,2.0,0.45012147858825396,2.175182217882381,1.5,0.21152765862858836,3.634582975885765,3.0,0.09279771334690867,1.0927977133469087,1.0
5.0,64.0,0.1,0.1,2.0,0.0,1.0,0.675830309031037,2.5137454635465555,1.5,0.4783256456874279,1.5650230629377162,3.0,0.4376586748096509,0.5623413251903491,1.0
5.0,64.0,0.1,0.0,0.0,9.0,2.0,0.7782794100389229,2.6674191150583844,1.5,0.2053491583505435,2.3839525249483695,3.0,0.010869804050850473,0.9891301959491495,1.0
5.0,64.0,0.1,1.0,0.0,1.0,3.0,0.3609195158139688,0.9586207262790468,1.5,0.1447437727228357,2.565768681831493,3.0,0.16572157663080445,1.1657215766308044,1.0
5.0,64.0,0.1,10.0,0.0,0.0,3.0,0.4376586748096509,0.8435119877855236,1.5,0.14010396497599276,2.5796881050720217,3.0,0.19951939262337226,1.1995193926233723,1.0
5.0,64.0,0.1,0.0,0.0,2.0,1.0,0.27370824982637876,1.0894376252604319,1.5,0.24511239475383562,2.264662815738493,3.0,0.09918472982405424,1.0991847298240542,1.0
5.0,64.0,0.1,0.1,0.0,3.0,2.0,0.17459581473198163,1.2381062779020275,1.5,0.16792889267827427,2.496213321965177,3.0,0.13164862615377526,1.1316486261537753,1.0
5.0,64.0,0.1,0.0,2.0,0.0,3.0,0.016119971907271324,1.475820042139093,1.5,0.5432081672014917,1.370375498395525,3.0,0.4376586748096509,0.5623413251903491,1.0
5.0,64.0,0.1,0.0,0.0,8.0,2.0,0.5647481416580199,2.34712221248703,1.5,0.08745161481502439,2.737645155554927,3.0,0.006365251232921754,1.0063652512329218,1.0
5.0,64.0,0.1,0.1,0.0,5.0,3.0,0.06605049898479232,1.5990757484771885,1.5,0.22001120112381134,2.339966396628566,3.0,0.11460159869973818,1.1146015986997382,1.0
5.0,64.0,0.1,1.0,2.0,6.0,1.0,0.31609072506635155,1.0258639124004727,1.5,0.08187799885927734,2.754366003422168,3.0,0.21152765862858836,1.2115276586285884,1.0
5.0,64.0,0.1,0.0,0.0,6.0,3.0,0.21152765862858836,1.8172914879428825,1.5,0.14576356771888768,2.562709296843337,3.0,0.07660532019977295,1.076605320199773,1.0
5.0,64.0,0.1,0.1,1.0,5.0,1.0,0.5184078253762215,0.7223882619356677,1.5,0.06605049898479247,3.1981514969543774,3.0,0.33806117815901016,1.3380611781590102,1.0
5.0,64.0,0.1,0.0,0.0,7.0,2.0,0.37685716485275833,2.0652857472791375,1.5,0.09073478966725605,2.727795630998232,3.0,0.09660479201409289,1.0966047920140929,1.0
5.0,64.0,0.1,1.0,2.0,8.0,2.0,0.501113719703259,0.7483294204451114,1.5,0.0503492070431677,3.151047621129503,3.0,0.56474814165802,1.56474814165802,1.0
5.0,64.0,0.1,0.1,0.0,8.0,2.0,0.5647481416580199,2.34712221248703,1.5,0.10654501726685235,2.680364948199443,3.0,0.06875362789958461,1.0687536278995846,1.0
5.0,64.0,0.1,10.0,1.0,3.0,2.0,0.6488658176394888,0.5267012735407668,1.5,0.1745958147319815,2.4762125558040555,3.0,0.22293311692859596,1.222933116928596,1.0
5.0,64.0,0.1,0.1,2.0,5.0,2.0,0.26218789805838405,1.893281847087576,1.5,0.11782544713822067,2.646523658585338,3.0,0.06605049898479232,1.0660504989847923,1.0
5.0,64.0,0.1,10.0,1.0,0.0,2.0,0.8416266688545111,0.23755999671823344,1.5,0.4376586748096509,1.6870239755710472,3.0,0.01118817180222953,1.0111881718022295,1.0
5.0,64.0,0.1,0.1,2.0,3.0,3.0,0.5884252248326646,0.6173621627510032,1.5,0.45844331079886635,1.624670067603401,3.0,0.1745958147319816,0.8254041852680184,1.0
5.0,64.0,0.1,0.0,2.0,7.0,1.0,0.05848618948811716,1.4122707157678243,1.5,0.061861446297883184,3.1855843388936496,3.0,0.3768571648527581,1.376857164852758,1.0
5.0,64.0,0.1,0.0,1.0,7.0,3.0,1.125225460463099,3.1878381906946482,1.5,0.37685716485275805,4.130571494558274,3.0,0.07866965550564009,1.07866965550564,1.0
5.0,64.0,0.1,0.1,2.0,2.0,1.0,0.15079902734294817,1.7261985410144223,1.5,0.4016981612063386,1.7949055163809842,3.0,0.27370824982637876,0.7262917501736212,1.0
5.0,64.0,0.1,1.0,1.0,3.0,3.0,8.350574330973851,14.025861496460777,1.5,0.1745958147319815,2.4762125558040555,3.0,0.006999893086907072,0.9930001069130929,1.0
5.0,64.0,0.1,0.0,2.0,9.0,3.0,0.6017165057447406,0.5974252413828892,1.5,0.07888868126426536,3.236666043792796,3.0,0.7782794100389228,1.7782794100389228,1.0
5.0,64.0,0.1,10.0,0.0,2.0,2.0,0.27370824982637876,1.0894376252604319,1.5,0.2287364739306792,2.3137905782079624,3.0,0.018540057087912842,1.0185400570879128,1.0
5.0,64.0,0.1,10.0,1.0,8.0,1.0,0.8418823846493865,2.7628235769740797,1.5,0.5647481416580197,4.694244424974059,3.0,0.16547954107953378,1.1654795410795338,1.0
5.0,64.0,0.1,10.0,1.0,1.0,2.0,0.7875265275389381,0.3187102086915927,1.5,0.3609195158139688,1.9172414525580936,3.0,0.08437751622542833,1.0843775162254283,1.0
5.0,64.0,0.1,1.0,2.0,2.0,2.0,0.43620406047830595,2.154306090717459,1.5,0.28397096013946355,2.1480871195816094,3.0,0.27370824982637876,0.7262917501736212,1.0
5.0,64.0,0.1,0.0,0.0,2.0,3.0,0.27370824982637876,1.0894376252604319,1.5,0.1655336865430296,2.503398940370911,3.0,0.14678163093009555,1.1467816309300956,1.0
5.0,64.0,0.1,0.0,0.0,5.0,1.0,0.06605049898479232,1.5990757484771885,1.5,0.11342335445553846,2.6597299366333846,3.0,0.15476053958594216,1.1547605395859422,1.0
5.0,64.0,0.1,0.0,2.0,4.0,3.0,0.4242338366528366,0.8636492450207451,1.5,0.36118682237687927,1.9164395328693622,3.0,0.06195813336018574,0.9380418666398143,1.0
5.0,64.0,0.1,1.0,1.0,5.0,3.0,0.5497459485789733,2.32461892286846,1.5,0.06605049898479247,3.1981514969543774,3.0,0.04941312229402062,1.0494131222940206,1.0
5.0,64.0,0.1,1.0,0.0,1.0,2.0,0.3609195158139688,0.9586207262790468,1.5,0.17974399849295683,2.4607680045211295,3.0,0.15031259907082206,1.150312599070822,1.0
5.0,64.0,0.1,0.0,1.0,9.0,2.0,1.5955081207345738,-0.8932621811018604,1.5,0.7782794100389226,5.334838230116768,3.0,0.5070736581710853,1.5070736581710853,1.0
5.0,64.0,0.1,0.0,1.0,9.0,1.0,4.888140818870503,8.832211228305754,1.5,0.7782794100389226,5.334838230116768,3.0,0.12707527200462732,1.1270752720046273,1.0
5.0,64.0,0.1,0.0,1.0,1.0,2.0,0.5974940218617467,0.6037589672073799,1.5,0.3609195158139688,1.9172414525580936,3.0,0.040564565225794214,1.0405645652257942,1.0
5.0,64.0,0.1,1.0,2.0,6.0,2.0,0.1806520649910833,1.229021902513375,1.5,0.0649069164459175,2.8052792506622475,3.0,0.21152765862858836,1.2115276586285884,1.0
5.0,64.0,0.1,0.0,0.0,0.0,3.0,0.4376586748096509,0.8435119877855236,1.5,0.18614416593117436,2.441567502206477,3.0,0.15282239816493348,1.1528223981649335,1.0
5.0,64.0,0.1,10.0,2.0,7.0,3.0,0.05265685775317852,1.4210147133702322,1.5,0.07479733912969981,3.2243920173890994,3.0,0.3768571648527581,1.376857164852758,1.0
5.0,64.0,0.1,0.1,1.0,2.0,2.0,0.5080670981504026,0.7378993527743961,1.5,0.27370824982637876,2.1788752505208637,3.0,0.0980389442860099,1.09803894428601,1.0
5.0,64.0,0.1,0.0,1.0,8.0,3.0,1.8017951088763435,-1.2026926633145152,1.5,0.5647481416580197,4.694244424974059,3.0,0.42029233833692003,0.57970766166308,1.0
5.0,64.0,0.1,0.1,1.0,4.0,2.0,1.2177053193445035,-0.32655797901675526,1.5,0.06195813336018574,2.8141255999194428,3.0,2.592904568010718,3.592904568010718,1.0
5.0,64.0,0.1,0.0,2.0,3.0,3.0,0.5562566823628167,0.6656149764557749,1.5,0.44881390272760097,1.6535582918171972,3.0,0.1745958147319816,0.8254041852680184,1.0
5.0,64.0,0.1,0.1,0.0,6.0,3.0,0.21152765862858836,1.8172914879428825,1.5,0.026738161595105076,2.9197855152146848,3.0,0.10623008532052292,1.106230085320523,1.0
5.0,64.0,0.1,10.0,2.0,4.0,2.0,0.665560841475544,0.501658737786684,1.5,0.39684221545498205,1.8094733536350538,3.0,0.06195813336018574,0.9380418666398143,1.0
5.0,64.0,0.1,0.1,2.0,8.0,1.0,0.5995286608866774,0.6007070086699838,1.5,0.012714580754527471,2.9618562577364176,3.0,0.56474814165802,1.56474814165802,1.0
5.0,64.0,0.1,10.0,0.0,8.0,3.0,0.5647481416580199,2.34712221248703,1.5,0.1702459368776553,2.489262189367034,3.0,0.037639458051662356,1.0376394580516624,1.0
5.0,64.0,0.1,1.0,0.0,9.0,2.0,0.7782794100389229,2.6674191150583844,1.5,0.14766766589410332,2.55699700231769,3.0,0.0019158118788276113,1.0019158118788276,1.0
5.0,64.0,0.1,0.1,0.0,2.0,2.0,0.27370824982637876,1.0894376252604319,1.5,0.08856858990476028,2.734294230285719,3.0,0.16665458510236797,1.166654585102368,1.0
5.0,64.0,0.1,10.0,0.0,4.0,3.0,0.06195813336018574,1.4070627999597214,1.5,0.13680476314362622,2.5895857105691213,3.0,0.1135576136691896,1.1135576136691896,1.0
5.0,64.0,0.1,1.0,1.0,2.0,1.0,0.5751099870747663,0.6373350193878505,1.5,0.27370824982637876,2.1788752505208637,3.0,0.11736520920822024,1.1173652092082202,1.0
5.0,64.0,0.1,1.0,1.0,6.0,2.0,0.5043754941758358,2.2565632412637537,1.5,0.21152765862858836,3.634582975885765,3.0,0.11857427565345646,1.1185742756534565,1.0
5.0,64.0,0.1,0.1,1.0,3.0,2.0,0.08798077085961875,1.6319711562894281,1.5,0.1745958147319815,2.4762125558040555,3.0,0.07945380597373086,1.0794538059737309,1.0
5.0,64.0,0.1,1.0,1.0,8.0,1.0,1.050393172576179,3.0755897588642687,1.5,0.5647481416580197,4.694244424974059,3.0,0.1343464860367809,1.134346486036781,1.0
5.0,64.0,0.1,1.0,1.0,1.0,3.0,0.4585377940280995,0.8121933089578507,1.5,0.3609195158139688,1.9172414525580936,3.0,0.016347745167000327,0.9836522548329997,1.0
5.0,64.0,0.1,10.0,2.0,3.0,3.0,0.8656547672728925,0.20151784909066117,1.5,0.4996677781918402,1.5009966654244793,3.0,0.1745958147319816,0.8254041852680184,1.0
5.0,64.0,0.1,10.0,1.0,0.0,3.0,0.7698085202236241,0.3452872196645639,1.5,0.4376586748096509,1.6870239755710472,3.0,0.061345790187134375,1.0613457901871344,1.0
5.0,64.0,0.1,10.0,2.0,7.0,1.0,5.648908375680357,9.973362563520535,1.5,0.051072887105494846,3.1532186613164845,3.0,0.3768571648527581,1.376857164852758,1.0
5.0,64.0,0.1,0.0,1.0,0.0,3.0,0.8735980428072297,0.18960293578915527,1.5,0.4376586748096509,1.6870239755710472,3.0,0.07658373692474862,1.0765837369247486,1.0
5.0,64.0,0.1,10.0,1.0,7.0,3.0,0.11614291178509213,1.6742143676776382,1.5,0.37685716485275805,4.130571494558274,3.0,0.6255678452044773,0.37443215479552266,1.0
5.0,64.0,0.1,0.1,0.0,0.0,3.0,0.4376586748096509,0.8435119877855236,1.5,0.1383751828645452,2.5848744514063644,3.0,0.21356164197678784,1.2135616419767878,1.0
5.0,64.0,0.1,1.0,2.0,1.0,1.0,0.5572321841797899,0.6641517237303151,1.5,0.5988511226791567,1.2034466319625299,3.0,0.36091951581396875,0.6390804841860313,1.0
5.0,64.0,0.1,0.1,0.0,9.0,1.0,0.7782794100389229,2.6674191150583844,1.5,0.16700125510944272,2.498996234671672,3.0,0.014308437042638955,0.985691562957361,1.0
5.0,64.0,0.1,10.0,0.0,6.0,2.0,0.21152765862858836,1.8172914879428825,1.5,0.048192456092348866,2.8554226317229534,3.0,0.14824145044752868,1.1482414504475287,1.0
5.0,64.0,0.1,10.0,2.0,7.0,2.0,0.4056761759966929,0.8914857360049606,1.5,0.029058598056708036,3.087175794170124,3.0,0.3768571648527581,1.376857164852758,1.0
5.0,64.0,0.1,0.1,2.0,8.0,2.0,0.31709376566590786,1.0243593515011382,1.5,0.07617378309071639,3.228521349272149,3.0,0.56474814165802,1.56474814165802,1.0
5.0,64.0,0.1,10.0,0.0,8.0,1.0,0.5647481416580199,2.34712221248703,1.5,0.18753312317025475,2.4374006304892357,3.0,0.02117288401686024,0.9788271159831398,1.0
5.0,64.0,0.1,0.1,2.0,4.0,1.0,0.7049918035998148,0.44251229460027786,1.5,0.3488085178051168,1.9535744465846496,3.0,0.06195813336018574,0.9380418666398143,1.0
5.0,64.0,0.1,0.1,2.0,9.0,2.0,0.6129412437084282,0.5805881344373577,1.5,0.12874148570537702,2.613775542883869,3.0,0.7782794100389228,1.7782794100389228,1.0
5.0,64.0,0.1,10.0,1.0,5.0,1.0,0.42624614996433924,0.8606307750534912,1.5,0.06605049898479247,3.1981514969543774,3.0,0.3020413447101056,1.3020413447101056,1.0
5.0,64.0,0.1,0.1,1.0,4.0,3.0,0.049570535935987405,1.574355803903981,1.5,0.06195813336018574,2.8141255999194428,3.0,0.025997142805063156,1.0259971428050632,1.0
5.0,64.0,0.1,0.0,0.0,4.0,2.0,0.06195813336018574,1.4070627999597214,1.5,0.013117086869071759,3.0393512606072153,3.0,0.22969216876689713,1.2296921687668971,1.0
5.0,64.0,0.1,0.0,0.0,9.0,1.0,0.7782794100389229,2.6674191150583844,1.5,0.17344332153276273,2.479670035401712,3.0,0.0019588649160254823,0.9980411350839745,1.0
5.0,64.0,0.1,0.0,2.0,1.0,3.0,0.5123813826051372,0.7314279260922942,1.5,0.5839010733656632,1.2482967799030102,3.0,0.36091951581396875,0.6390804841860313,1.0
5.0,64.0,0.1,1.0,0.0,0.0,3.0,0.4376586748096509,0.8435119877855236,1.5,0.04742141073230751,2.8577357678030775,3.0,0.26709740364153833,1.2670974036415383,1.0
5.0,64.0,0.1,0.0,1.0,8.0,1.0,1.340174336039223,-0.5102615040588343,1.5,0.5647481416580197,4.694244424974059,3.0,0.6418082279293267,1.6418082279293267,1.0
5.0,64.0,0.1,0.1,2.0,8.0,3.0,0.863824204414898,0.20426369337765296,1.5,0.31104576411358575,2.0668627076592427,3.0,0.56474814165802,1.56474814165802,1.0
5.0,64.0,0.1,0.1,0.0,5.0,1.0,0.06605049898479232,1.5990757484771885,1.5,0.11755517299652733,2.647334481010418,3.0,0.13722746668696906,1.137227466686969,1.0
5.0,64.0,0.1,1.0,1.0,3.0,1.0,0.3490786266912495,0.9763820599631258,1.5,0.1745958147319815,2.4762125558040555,3.0,0.15527397573320023,1.1552739757332002,1.0
5.0,64.0,0.1,0.0,1.0,8.0,2.0,1.0846529149946302,3.1269793724919452,1.5,0.5647481416580197,4.694244424974059,3.0,0.13554460163505255,1.1355446016350526,1.0
5.0,64.0,0.1,1.0,1.0,8.0,3.0,1.173720783648978,3.260581175473467,1.5,0.5647481416580197,4.694244424974059,3.0,0.12804217594654688,1.1280421759465469,1.0
5.0,64.0,0.1,0.1,1.0,8.0,2.0,0.9114883814345708,2.867232572151856,1.5,0.5647481416580197,4.694244424974059,3.0,2.2866850662617453,3.2866850662617453,1.0
5.0,64.0,0.1,0.0,0.0,2.0,0.0,0.7782794100389229,2.6674191150583844,1.5,0.13681086975362566,2.589567390739123,3.0,0.0251695079126959,1.025169507912696,1.0
5.0,64.0,0.1,0.1,0.0,4.0,1.0,0.06195813336018574,1.4070627999597214,1.5,0.13555463432321968,2.593336097030341,3.0,0.12133932955360449,1.1213393295536045,1.0
5.0,64.0,0.1,0.0,1.0,3.0,2.0,0.09443378186603235,1.3583493272009515,1.5,0.1745958147319815,2.4762125558040555,3.0,0.028674555916099687,1.0286745559160997,1.0
5.0,64.0,0.1,0.1,2.0,0.0,2.0,1.8724109650368412,4.308616447555262,1.5,0.40106803956026255,1.7967958813192124,3.0,0.4376586748096509,0.5623413251903491,1.0
5.0,64.0,0.1,0.0,2.0,3.0,1.0,1.1354115501177076,-0.20311732517656156,1.5,0.6361128500968701,1.0916614497093895,3.0,0.1745958147319816,0.8254041852680184,1.0
5.0,64.0,0.1,10.0,0.0,7.0,2.0,0.37685716485275833,2.0652857472791375,1.5,0.07560997397985474,2.773170078060436,3.0,0.09800284560689354,1.0980028456068935,1.0
5.0,64.0,0.1,10.0,0.0,9.0,1.0,0.7782794100389229,2.6674191150583844,1.5,0.17052060128148958,2.4884381961555313,3.0,0.015338724693833017,0.984661275306167,1.0
5.0,64.0,0.1,10.0,2.0,2.0,1.0,0.7966702070873243,0.30499468936901375,1.5,0.5776331844984682,1.2671004465045954,3.0,0.27370824982637876,0.7262917501736212,1.0
5.0,64.0,0.1,10.0,0.0,4.0,2.0,0.06195813336018574,1.4070627999597214,1.5,0.13886865863789696,2.583394024086309,3.0,0.11665628416418028,1.1166562841641803,1.0
5.0,64.0,0.1,0.1,2.0,6.0,3.0,0.10834194031348376,1.6625129104702256,1.5,0.031393028356741993,3.094179085070226,3.0,0.21152765862858836,1.2115276586285884,1.0
5.0,64.0,0.1,0.1,1.0,2.0,3.0,0.6774178383659238,0.4838732424511144,1.5,0.27370824982637876,2.1788752505208637,3.0,0.12321434741715787,1.1232143474171579,1.0
5.0,64.0,0.1,10.0,1.0,8.0,3.0,1.3305278779929777,-0.49579181698946656,1.5,0.5647481416580197,4.694244424974059,3.0,0.3969941698271402,1.3969941698271402,1.0
5.0,64.0,0.1,0.1,0.0,7.0,1.0,0.37685716485275833,2.0652857472791375,1.5,0.12215507134279176,2.6335347859716247,3.0,0.0717025837949401,1.07170258379494,1.0
5.0,64.0,0.1,10.0,1.0,1.0,3.0,0.6473941626711338,0.5289087559932993,1.5,0.3609195158139688,1.9172414525580936,3.0,0.08139261622464677,1.0813926162246468,1.0
5.0,64.0,0.1,1.0,2.0,0.0,1.0,10.700291751738314,17.550437627607472,1.5,0.4261596020438101,1.7215211938685697,3.0,0.4376586748096509,0.5623413251903491,1.0
5.0,64.0,0.1,0.1,2.0,0.0,3.0,7.425005934403457,12.637508901605186,1.5,0.38101332667008675,1.8569600199897398,3.0,0.4376586748096509,0.5623413251903491,1.0
5.0,64.0,0.1,0.0,2.0,0.0,2.0,6.960785122428505,11.941177683642758,1.5,0.38295738627765114,1.8511278411670467,3.0,0.4376586748096509,0.5623413251903491,1.0
5.0,64.0,0.1,1.0,1.0,7.0,3.0,0.9502419720270087,2.925362958040513,1.5,0.37685716485275805,4.130571494558274,3.0,0.11886054178930738,1.1188605417893074,1.0
5.0,64.0,0.1,0.1,1.0,3.0,3.0,0.08742560729402671,1.63113841094104,1.5,0.1745958147319815,2.4762125558040555,3.0,0.015689827226088582,1.0156898272260886,1.0
5.0,64.0,0.1,0.1,1.0,1.0,2.0,0.756122400492803,0.36581639926079546,1.5,0.3609195158139688,1.9172414525580936,3.0,0.0993137201854184,1.0993137201854184,1.0
5.0,64.0,0.1,0.0,0.0,1.0,0.0,0.0,1.5,1.5,0.1304177752105935,3.3912533256317805,3.0,0.22499008869301607,1.224990088693016,1.0
5.0,64.0,0.1,0.0,2.0,5.0,2.0,0.5243497647089632,0.7134753529365552,1.5,0.24226748042006893,2.2731975587397932,3.0,0.06605049898479232,1.0660504989847923,1.0
5.0,64.0,0.1,1.0,2.0,4.0,2.0,0.8370494010805364,0.24442589837919534,1.5,0.46881879017042216,1.5935436294887335,3.0,0.06195813336018574,0.9380418666398143,1.0
5.0,64.0,0.1,10.0,0.0,9.0,3.0,0.7782794100389229,2.6674191150583844,1.5,0.24577287763390224,2.2626813670982933,3.0,0.017132777999028348,0.9828672220009717,1.0
5.0,64.0,0.1,1.0,0.0,6.0,2.0,0.21152765862858836,1.8172914879428825,1.5,0.13300002702875346,3.3990000810862604,3.0,0.1707806812773156,1.1707806812773156,1.0
5.0,64.0,0.1,10.0,0.0,9.0,2.0,0.7782794100389229,2.6674191150583844,1.5,0.13936119164732608,2.5819164250580218,3.0,0.024639619583257888,1.0246396195832579,1.0
5.0,64.0,0.1,10.0,2.0,6.0,3.0,0.32017129343634093,1.0197430598454886,1.5,0.08318820756655354,2.7504353773003394,3.0,0.21152765862858836,1.2115276586285884,1.0
5.0,64.0,0.1,1.0,2.0,0.0,3.0,9.328145541052933,15.4922183115794,1.5,0.3780278207199508,1.8659165378401477,3.0,0.4376586748096509,0.5623413251903491,1.0
5.0,64.0,0.1,0.0,1.0,2.0,2.0,0.6852661509915204,0.47210077351271945,1.5,0.27370824982637876,2.1788752505208637,3.0,0.11246748147404761,1.1124674814740476,1.0
5.0,64.0,0.1,10.0,1.0,4.0,2.0,0.3593904217773332,0.9609143673340002,1.5,0.06195813336018574,2.8141255999194428,3.0,0.252759667240839,1.252759667240839,1.0
5.0,64.0,0.1,0.0,1.0,6.0,2.0,1.0598024350867112,-0.08970365263006695,1.5,0.21152765862858836,3.634582975885765,3.0,0.48811801262104604,1.488118012621046,1.0
5.0,64.0,0.1,1.0,2.0,2.0,1.0,0.6982413410976981,0.45263798835345287,1.5,0.5618423403570766,1.3144729789287704,3.0,0.27370824982637876,0.7262917501736212,1.0
5.0,64.0,0.1,0.1,0.0,3.0,3.0,0.17459581473198163,1.2381062779020275,1.5,0.056776944793944274,2.829669165618167,3.0,0.21573692730266436,1.2157369273026644,1.0
5.0,64.0,0.1,10.0,2.0,8.0,3.0,0.5038907552751211,0.7441638670873184,1.5,0.02835069851549073,3.085052095546472,3.0,0.56474814165802,1.56474814165802,1.0
5.0,64.0,0.1,0.1,1.0,8.0,1.0,1.2110992842706076,3.3166489264059114,1.5,0.5647481416580197,4.694244424974059,3.0,0.10241782820041845,1.1024178282004184,1.0
5.0,64.0,0.1,10.0,1.0,7.0,2.0,1.6232406596144127,-0.9348609894216189,1.5,0.37685716485275805,4.130571494558274,3.0,0.5304893340134649,1.5304893340134649,1.0
5.0,64.0,0.1,1.0,0.0,7.0,2.0,0.37685716485275833,2.0652857472791375,1.5,0.16336509089723736,2.509904727308288,3.0,0.03728044424580279,1.0372804442458028,1.0
5.0,64.0,0.1,10.0,2.0,1.0,2.0,0.5478655374230241,2.321798306134536,1.5,0.351691743093657,1.944924770719029,3.0,0.36091951581396875,0.6390804841860313,1.0
5.0,64.0,0.1,0.0,2.0,9.0,1.0,2.2028608786385937,-1.8042913179578908,1.5,0.14672277650967627,2.559831670470971,3.0,0.7782794100389228,1.7782794100389228,1.0
5.0,64.0,0.1,0.1,1.0,0.0,3.0,0.7344968821410345,0.3982546767884482,1.5,0.4376586748096509,1.6870239755710472,3.0,0.007408629387296584,1.0074086293872966,1.0
5.0,64.0,0.1,0.1,0.0,1.0,2.0,0.3609195158139688,0.9586207262790468,1.5,0.08879132110158598,2.733626036695242,3.0,0.23293349816379338,1.2329334981637934,1.0
5.0,64.0,0.1,0.0,0.0,2.0,2.0,0.27370824982637876,1.0894376252604319,1.5,0.20152928250811275,2.3954121524756617,3.0,0.0985957337774146,1.0985957337774146,1.0
5.0,64.0,0.1,0.1,1.0,7.0,2.0,0.7286115958948599,0.40708260615771014,1.5,0.37685716485275805,4.130571494558274,3.0,4.086532772182663,5.086532772182663,1.0
5.0,64.0,0.1,1.0,2.0,1.0,2.0,0.5768667443655758,2.365300116548364,1.5,0.44407396782105457,1.6677780965368363,3.0,0.36091951581396875,0.6390804841860313,1.0
5.0,64.0,0.1,1.0,0.0,0.0,1.0,0.4376586748096509,0.8435119877855236,1.5,0.21377695306767888,2.3586691407969633,3.0,0.09815143871678988,1.0981514387167899,1.0
5.0,64.0,0.1,1.0,1.0,0.0,1.0,0.7114190132731592,0.43287148009026144,1.5,0.4376586748096509,1.6870239755710472,3.0,0.014966114713648837,1.0149661147136488,1.0
5.0,64.0,0.1,0.0,1.0,6.0,1.0,0.41816685923534475,2.127250288853017,1.5,0.21152765862858836,3.634582975885765,3.0,0.07564805062242597,1.075648050622426,1.0
5.0,64.0,0.1,0.0,0.0,4.0,3.0,0.06195813336018574,1.4070627999597214,1.5,0.25394408285073533,2.238167751447794,3.0,0.009118692592905653,1.0091186925929057,1.0
5.0,64.0,0.1,1.0,2.0,5.0,3.0,8.523762012187467,14.2856430182812,1.5,0.045808957080511505,2.8625731287584655,3.0,0.06605049898479232,1.0660504989847923,1.0
5.0,64.0,0.1,0.1,1.0,1.0,3.0,0.7208166458010279,0.41877503129845817,1.5,0.3609195158139688,1.9172414525580936,3.0,0.05547041390675744,1.0554704139067574,1.0
5.0,64.0,0.1,10.0,1.0,9.0,3.0,0.5647851579491451,0.6528222630762824,1.5,0.7782794100389226,5.334838230116768,3.0,0.48932535927403387,1.4893253592740339,1.0
5.0,64.0,0.1,10.0,2.0,5.0,2.0,0.7417985752165267,0.38730213717521,1.5,0.31177722810972525,2.0646683156708243,3.0,0.06605049898479232,1.0660504989847923,1.0
5.0,64.0,0.1,0.1,0.0,1.0,1.0,0.3609195158139688,0.9586207262790468,1.5,0.19493844503163663,2.41518466490509,3.0,0.11655208927806582,1.1165520892780658,1.0
5.0,64.0,0.1,1.0,0.0,6.0,3.0,0.21152765862858836,1.8172914879428825,1.5,0.09586059699562766,2.712418209013117,3.0,0.12743719463281278,1.1274371946328128,1.0
5.0,64.0,0.1,1.0,1.0,7.0,1.0,0.9832915900393907,2.974937385059086,1.5,0.37685716485275805,4.130571494558274,3.0,0.0353284876743476,1.0353284876743476,1.0
5.0,64.0,0.1,0.1,1.0,4.0,1.0,0.03132504124524097,1.4530124381321385,1.5,0.06195813336018574,2.8141255999194428,3.0,0.1332061574673571,1.133206157467357,1.0
5.0,64.0,0.1,1.0,0.0,7.0,1.0,0.37685716485275833,2.0652857472791375,1.5,0.04957854824317579,2.8512643552704726,3.0,0.11874306459398487,1.1187430645939849,1.0
5.0,64.0,0.1,1.0,0.0,6.0,1.0,0.21152765862858836,1.8172914879428825,1.5,0.13698587834237305,2.589042364972881,3.0,0.009692196779923057,1.009692196779923,1.0
5.0,64.0,0.1,10.0,0.0,5.0,1.0,0.06605049898479232,1.5990757484771885,1.5,0.16313742673404633,2.510587719797861,3.0,0.07927564000476872,1.0792756400047687,1.0
5.0,64.0,0.1,0.1,1.0,5.0,3.0,0.5322133979750658,2.2983200969625988,1.5,0.06605049898479247,3.1981514969543774,3.0,0.06979619494763134,1.0697961949476313,1.0
5.0,64.0,0.1,0.0,0.0,8.0,1.0,0.5647481416580199,2.34712221248703,1.5,0.24697636902095343,2.2590708929371397,3.0,0.7328707196750277,0.26712928032497235,1.0
5.0,64.0,0.1,0.1,2.0,7.0,2.0,0.4486321654918126,0.8270517517622811,1.5,0.05710091293945544,2.8286972611816337,3.0,0.3768571648527581,1.376857164852758,1.0
5.0,64.0,0.1,0.0,1.0,2.0,3.0,0.6540478851637902,0.5189281722543146,1.5,0.27370824982637876,2.1788752505208637,3.0,0.1366916555787483,1.1366916555787483,1.0
5.0,64.0,0.1,0.0,1.0,5.0,1.0,8.47317477589395,14.209762163840926,1.5,0.06605049898479247,3.1981514969543774,3.0,0.14416047366083107,1.144160473660831,1.0
5.0,64.0,0.1,1.0,0.0,8.0,2.0,0.5647481416580199,2.34712221248703,1.5,0.18796245083138055,2.4361126475058583,3.0,0.000939448889781147,0.9990605511102189,1.0
5.0,64.0,0.1,1.0,1.0,0.0,3.0,0.930107949343522,0.10483807598471699,1.5,0.4376586748096509,1.6870239755710472,3.0,0.05819306593185081,1.0581930659318508,1.0
5.0,64.0,0.1,0.1,1.0,0.0,2.0,0.8058564463099981,0.2912153305350029,1.5,0.4376586748096509,1.6870239755710472,3.0,0.008153651216236124,1.0081536512162361,1.0
5.0,64.0,0.1,0.1,1.0,7.0,1.0,0.9138097759923408,2.8707146639885113,1.5,0.37685716485275805,4.130571494558274,3.0,0.10542522849146985,1.1054252284914698,1.0
5.0,64.0,0.1,1.0,2.0,7.0,3.0,0.3006596530881979,1.9509894796322969,1.5,0.11973374404051877,2.6407987678784437,3.0,0.3768571648527581,1.376857164852758,1.0
5.0,64.0,0.1,0.1,0.0,5.0,2.0,0.06605049898479232,1.5990757484771885,1.5,0.6270637466866038,1.1188087599401886,3.0,0.6372735916029535,0.36272640839704656,1.0
5.0,64.0,0.1,10.0,0.0,3.0,1.0,0.17459581473198163,1.2381062779020275,1.5,0.11666898777486152,2.6499930366754154,3.0,0.14628277969686487,1.1462827796968649,1.0
5.0,64.0,0.1,0.0,1.0,3.0,1.0,0.34147745757502884,0.9877838136374567,1.5,0.1745958147319815,2.4762125558040555,3.0,0.0665871064956911,1.066587106495691,1.0
5.0,64.0,0.1,10.0,2.0,5.0,1.0,0.5901089799040868,0.6148365301438697,1.5,0.2564157125597453,2.230752862320764,3.0,0.06605049898479232,1.0660504989847923,1.0
5.0,64.0,0.1,10.0,2.0,5.0,3.0,0.6884857988805045,0.4672713016792431,1.5,0.30655012138326015,2.0803496358502196,3.0,0.06605049898479232,1.0660504989847923,1.0
5.0,64.0,0.1,0.0,2.0,6.0,2.0,0.06302695056842807,1.405459574147358,1.5,0.053371625929213184,2.8398851222123604,3.0,0.21152765862858836,1.2115276586285884,1.0
5.0,64.0,0.1,10.0,0.0,2.0,3.0,0.27370824982637876,1.0894376252604319,1.5,0.16841451801106752,2.4947564459667975,3.0,0.12971213847921947,1.1297121384792195,1.0
5.0,64.0,0.1,10.0,1.0,5.0,3.0,0.34080957557963604,0.988785636630546,1.5,0.06605049898479247,3.1981514969543774,3.0,0.3156056668377647,1.3156056668377647,1.0
5.0,64.0,0.1,0.1,0.0,4.0,2.0,0.06195813336018574,1.4070627999597214,1.5,0.07450045776957219,2.7764986266912834,3.0,0.18780390359433086,1.1878039035943309,1.0
5.0,64.0,0.1,0.1,2.0,6.0,1.0,0.17206688320598218,1.2418996751910267,1.5,0.046533168505951426,2.8604004944821457,3.0,0.21152765862858836,1.2115276586285884,1.0
5.0,64.0,0.1,0.1,0.0,1.0,3.0,0.3609195158139688,0.9586207262790468,1.5,0.1950642059514077,2.414807382145777,3.0,0.12247079934311023,1.1224707993431102,1.0
5.0,64.0,0.1,1.0,1.0,3.0,2.0,0.31128657466104154,1.0330701380084377,1.5,0.1745958147319815,2.4762125558040555,3.0,0.09091271909696341,1.0909127190969634,1.0
5.0,64.0,0.1,0.0,0.0,6.0,1.0,0.21152765862858836,1.8172914879428825,1.5,0.24700582729999518,2.2589825181000145,3.0,0.732901080334527,0.26709891966547294,1.0
5.0,64.0,0.1,10.0,0.0,5.0,2.0,0.06605049898479232,1.5990757484771885,1.5,0.15398518719936538,2.538044438401904,3.0,0.08746116652501956,1.0874611665250196,1.0
5.0,64.0,0.1,0.1,2.0,3.0,1.0,0.6609610643773497,0.5085584034339755,1.5,0.47896597291984233,1.563102081240473,3.0,0.1745958147319816,0.8254041852680184,1.0
5.0,64.0,0.1,0.1,1.0,6.0,2.0,0.37297947262285497,0.9405307910657176,1.5,0.21152765862858836,3.634582975885765,3.0,0.3433484615503528,1.3433484615503528,1.0
5.0,64.0,0.1,0.1,0.0,8.0,1.0,0.5647481416580199,2.34712221248703,1.5,0.14941332649701713,2.5517600205089486,3.0,0.06930212459457796,1.069302124594578,1.0
