Train Loss,Test Loss,Replicate,Size,Batch Time,Batch Size,Learning Rate,Learning Rate Step,Iterations,Wall Time
0.35199928283691406,0.6969665884971619,0,5,16,64,0.1,500,500,12.951800346374512
0.12939861416816711,0.2820908725261688,0,5,16,64,0.1,500,1000,26.106216192245483
0.4620063006877899,0.38151267170906067,0,5,16,64,0.1,500,2000,52.14681148529053
0.2017858326435089,0.12129325419664383,0,5,16,64,0.1,500,4000,104.46985173225403
0.4523295760154724,0.7089185118675232,0,5,16,64,0.1,1000,500,13.047457695007324
0.5925388336181641,0.714770495891571,0,5,16,64,0.1,1000,1000,26.269105672836304
0.4991036355495453,0.5789628624916077,0,5,16,64,0.1,1000,2000,52.56222987174988
0.36095449328422546,0.2794111967086792,0,5,16,64,0.1,1000,4000,104.93211269378662
0.25976064801216125,0.3686560392379761,0,5,16,64,0.01,500,500,13.056500911712646
0.21781565248966217,0.39381998777389526,0,5,16,64,0.01,500,1000,26.293935537338257
0.17954333126544952,0.1975022256374359,0,5,16,64,0.01,500,2000,52.69317579269409
0.2139296680688858,0.32083597779273987,0,5,16,64,0.01,500,4000,105.10916757583618
0.21769572794437408,0.2049306482076645,0,5,16,64,0.01,1000,500,13.100113868713379
0.3568485975265503,0.26238390803337097,0,5,16,64,0.01,1000,1000,26.275895357131958
0.18500201404094696,0.07991594821214676,0,5,16,64,0.01,1000,2000,52.56199836730957
0.29669827222824097,0.34623047709465027,0,5,16,64,0.01,1000,4000,104.99483895301819
0.49100014567375183,0.5618963837623596,0,5,16,128,0.1,500,500,13.45970344543457
0.45060116052627563,0.3946077227592468,0,5,16,128,0.1,500,1000,27.07520079612732
0.4633992314338684,0.42419424653053284,0,5,16,128,0.1,500,2000,54.09932827949524
0.3964025676250458,0.3076796531677246,0,5,16,128,0.1,500,4000,108.06144332885742
0.5269673466682434,0.6970851421356201,0,5,16,128,0.1,1000,500,13.444158554077148
0.15407270193099976,0.1482326090335846,0,5,16,128,0.1,1000,1000,27.01513695716858
0.49004703760147095,0.46653541922569275,0,5,16,128,0.1,1000,2000,54.0969603061676
0.41524046659469604,0.33230680227279663,0,5,16,128,0.1,1000,4000,107.9148108959198
0.3199782371520996,0.6614134311676025,0,5,16,128,0.01,500,500,13.465121746063232
0.23029157519340515,0.42556822299957275,0,5,16,128,0.01,500,1000,27.028992414474487
0.21363084018230438,0.23537880182266235,0,5,16,128,0.01,500,2000,54.09132647514343
0.2242470383644104,0.17242208123207092,0,5,16,128,0.01,500,4000,108.12480282783508
0.218430295586586,0.28986167907714844,0,5,16,128,0.01,1000,500,13.548880338668823
0.2102424055337906,0.19712816178798676,0,5,16,128,0.01,1000,1000,27.07171320915222
0.3624141812324524,0.2520620822906494,0,5,16,128,0.01,1000,2000,54.19046115875244
0.264733225107193,0.3277905285358429,0,5,16,128,0.01,1000,4000,107.85119271278381
0.26969313621520996,0.37966102361679077,0,5,16,256,0.1,500,500,14.106033325195312
0.3337223529815674,0.29748308658599854,0,5,16,256,0.1,500,1000,28.221596479415894
0.36739689111709595,0.33466866612434387,0,5,16,256,0.1,500,2000,56.559815406799316
0.3392026126384735,0.31296807527542114,0,5,16,256,0.1,500,4000,113.10965633392334
0.266030490398407,0.30962416529655457,0,5,16,256,0.1,1000,500,14.092300415039062
0.22806285321712494,0.10276128351688385,0,5,16,256,0.1,1000,1000,28.25007677078247
0.5690116882324219,0.6172372698783875,0,5,16,256,0.1,1000,2000,56.58802914619446
0.515508234500885,0.48039594292640686,0,5,16,256,0.1,1000,4000,113.11599111557007
0.25671252608299255,0.13086476922035217,0,5,16,256,0.01,500,500,14.07863187789917
0.17309626936912537,0.10217832028865814,0,5,16,256,0.01,500,1000,28.25247359275818
0.19922731816768646,0.4203924536705017,0,5,16,256,0.01,500,2000,56.51536583900452
0.19469891488552094,0.16811643540859222,0,5,16,256,0.01,500,4000,113.37314629554749
0.20275461673736572,0.1642455756664276,0,5,16,256,0.01,1000,500,14.061024188995361
0.31602907180786133,0.12317883223295212,0,5,16,256,0.01,1000,1000,28.29813027381897
0.35362300276756287,0.38659390807151794,0,5,16,256,0.01,1000,2000,56.58213758468628
0.3765215277671814,0.34185361862182617,0,5,16,256,0.01,1000,4000,112.9945125579834
0.6602384448051453,0.7816600799560547,0,5,32,64,0.1,500,500,27.39469623565674
0.240956112742424,0.22816739976406097,0,5,32,64,0.1,500,1000,54.76150393486023
0.3248756229877472,0.3165493905544281,0,5,32,64,0.1,500,2000,109.39111661911011
0.18114876747131348,0.19613677263259888,0,5,32,64,0.1,500,4000,218.78507781028748
0.33114054799079895,0.6061955094337463,0,5,32,64,0.1,1000,500,27.373910427093506
0.7505492568016052,0.8189350962638855,0,5,32,64,0.1,1000,1000,54.50237703323364
0.20409223437309265,0.058930687606334686,0,5,32,64,0.1,1000,2000,109.49059200286865
0.24774381518363953,0.27542346715927124,0,5,32,64,0.1,1000,4000,220.3327329158783
0.2935333251953125,0.36409491300582886,0,5,32,64,0.01,500,500,27.583942890167236
0.22011017799377441,0.15389911830425262,0,5,32,64,0.01,500,1000,55.14717483520508
0.273884117603302,0.1917802095413208,0,5,32,64,0.01,500,2000,110.18035650253296
,,0,5,32,64,0.01,500,4000,220.44130039215088
0.2279735952615738,0.14027254283428192,0,5,32,64,0.01,1000,500,27.5286066532135
0.2908686399459839,0.3329615890979767,0,5,32,64,0.01,1000,1000,54.971102237701416
0.3183448016643524,0.3225281536579132,0,5,32,64,0.01,1000,2000,111.00915622711182
0.2962137460708618,0.31107693910598755,0,5,32,64,0.01,1000,4000,220.97031998634338
0.12576428055763245,0.09961894899606705,0,5,32,128,0.1,500,500,28.463165998458862
0.4312330484390259,0.3107709586620331,0,5,32,128,0.1,500,1000,57.057037353515625
0.2956022322177887,0.3431060314178467,0,5,32,128,0.1,500,2000,114.12737441062927
0.4683074355125427,0.45756104588508606,0,5,32,128,0.1,500,4000,228.11651253700256
0.6130407452583313,0.7801890969276428,0,5,32,128,0.1,1000,500,28.507817268371582
0.5522758364677429,0.7313624620437622,0,5,32,128,0.1,1000,1000,57.51387310028076
0.30075889825820923,0.3239441215991974,0,5,32,128,0.1,1000,2000,109.60257649421692
0.39283910393714905,0.39690259099006653,0,5,32,128,0.1,1000,4000,226.0417823791504
0.22760500013828278,0.13172666728496552,0,5,32,128,0.01,500,500,28.133832931518555
0.27299100160598755,0.2906218469142914,0,5,32,128,0.01,500,1000,56.64688730239868
0.2176506072282791,0.1415044367313385,0,5,32,128,0.01,500,2000,113.70754790306091
0.3391263782978058,0.2818743586540222,0,5,32,128,0.01,500,4000,226.21002554893494
0.22637145221233368,0.33673420548439026,0,5,32,128,0.01,1000,500,28.28687572479248
0.19009019434452057,0.3589763939380646,0,5,32,128,0.01,1000,1000,56.464402198791504
0.34920284152030945,0.41881662607192993,0,5,32,128,0.01,1000,2000,112.822092294693
0.2649403214454651,0.22625114023685455,0,5,32,128,0.01,1000,4000,226.37473607063293
0.3085573613643646,0.5415583252906799,0,5,32,256,0.1,500,500,30.276078462600708
0.42384567856788635,0.33491307497024536,0,5,32,256,0.1,500,1000,60.46699905395508
0.25101515650749207,0.3299199640750885,0,5,32,256,0.1,500,2000,120.8413565158844
0.38558951020240784,0.3553214371204376,0,5,32,256,0.1,500,4000,242.25351428985596
0.24086731672286987,0.43740329146385193,0,5,32,256,0.1,1000,500,30.10511803627014
0.28880253434181213,0.24407434463500977,0,5,32,256,0.1,1000,1000,60.1580765247345
0.2544374167919159,0.23689134418964386,0,5,32,256,0.1,1000,2000,120.46532344818115
0.3517390787601471,0.3945927321910858,0,5,32,256,0.1,1000,4000,243.01028895378113
0.3196706175804138,0.40655702352523804,0,5,32,256,0.01,500,500,30.154325246810913
0.28905829787254333,0.28841978311538696,0,5,32,256,0.01,500,1000,60.36648392677307
0.18043038249015808,0.16175955533981323,0,5,32,256,0.01,500,2000,120.80910086631775
0.2524930536746979,0.2044629454612732,0,5,32,256,0.01,500,4000,242.10370540618896
0.284847229719162,0.25560837984085083,0,5,32,256,0.01,1000,500,30.11345887184143
0.2922210991382599,0.38956183195114136,0,5,32,256,0.01,1000,1000,60.108169078826904
0.2848278880119324,0.2310805320739746,0,5,32,256,0.01,1000,2000,120.78419995307922
0.30847418308258057,0.3580172061920166,0,5,32,256,0.01,1000,4000,242.61755442619324
,,0,5,64,64,0.1,500,500,61.08796048164368
0.12501820921897888,0.3174196183681488,0,5,64,64,0.1,500,1000,122.21119809150696
0.17587439715862274,0.4401637315750122,0,5,64,64,0.1,500,2000,244.94755053520203
,,0,5,64,64,0.1,500,4000,489.59442472457886
0.29203614592552185,0.5579933524131775,0,5,64,64,0.1,1000,500,61.08577609062195
0.11343716830015182,0.3147221505641937,0,5,64,64,0.1,1000,1000,122.28768348693848
0.22062945365905762,0.5309422016143799,0,5,64,64,0.1,1000,2000,244.17800760269165
0.23756617307662964,0.5516157150268555,0,5,64,64,0.1,1000,4000,489.7292218208313
0.334573894739151,0.47963520884513855,0,5,64,64,0.01,500,500,61.137497663497925
0.2779882848262787,0.3376592695713043,0,5,64,64,0.01,500,1000,122.12599182128906
0.28033289313316345,0.42838072776794434,0,5,64,64,0.01,500,2000,244.6371455192566
,,0,5,64,64,0.01,500,4000,489.52277731895447
0.3209759294986725,0.5056234002113342,0,5,64,64,0.01,1000,500,61.085981607437134
0.3171783685684204,0.5445703268051147,0,5,64,64,0.01,1000,1000,122.13888549804688
,,0,5,64,64,0.01,1000,2000,244.46211314201355
0.19331160187721252,0.3038197159767151,0,5,64,64,0.01,1000,4000,488.96143555641174
0.17152780294418335,0.18130671977996826,0,5,64,128,0.1,500,500,64.49813890457153
,,0,5,64,128,0.1,500,1000,129.1715545654297
0.24929696321487427,0.5287487506866455,0,5,64,128,0.1,500,2000,258.0406906604767
0.2368633896112442,0.4625639021396637,0,5,64,128,0.1,500,4000,515.6600170135498
0.19231203198432922,0.5162040591239929,0,5,64,128,0.1,1000,500,64.28818106651306
,,0,5,64,128,0.1,1000,1000,129.136137008667
0.21889229118824005,0.45771312713623047,0,5,64,128,0.1,1000,2000,257.80156660079956
,,0,5,64,128,0.1,1000,4000,516.9652848243713
,,0,5,64,128,0.01,500,500,64.57156705856323
,,0,5,64,128,0.01,500,1000,128.99252200126648
0.26323506236076355,0.4317788779735565,0,5,64,128,0.01,500,2000,257.7054252624512
0.29904305934906006,0.4590971767902374,0,5,64,128,0.01,500,4000,512.4996650218964
,,0,5,64,128,0.01,1000,500,62.94870662689209
0.20068614184856415,0.38522008061408997,0,5,64,128,0.01,1000,1000,126.03967666625977
0.25299227237701416,0.4960530996322632,0,5,64,128,0.01,1000,2000,251.88365387916565
0.23606790602207184,0.4491511285305023,0,5,64,128,0.01,1000,4000,503.9568729400635
,,0,5,64,256,0.1,500,500,66.89272785186768
0.1661314219236374,0.3964652121067047,0,5,64,256,0.1,500,1000,132.94858837127686
,,0,5,64,256,0.1,500,2000,267.71984791755676
0.25038400292396545,0.5157637000083923,0,5,64,256,0.1,500,4000,531.0653808116913
0.14846159517765045,0.10050658136606216,0,5,64,256,0.1,1000,500,66.41684103012085
,,0,5,64,256,0.1,1000,1000,133.91169810295105
,,0,5,64,256,0.1,1000,2000,267.9169268608093
0.23476888239383698,0.515671968460083,0,5,64,256,0.1,1000,4000,530.5739469528198
0.258023738861084,0.4002201557159424,0,5,64,256,0.01,500,500,66.25355529785156
0.28687584400177,0.44382956624031067,0,5,64,256,0.01,500,1000,132.66937851905823
0.22414281964302063,0.24482664465904236,0,5,64,256,0.01,500,2000,265.86960673332214
0.24646079540252686,0.34756290912628174,0,5,64,256,0.01,500,4000,532.9449508190155
0.25278300046920776,0.27676644921302795,0,5,64,256,0.01,1000,500,66.46171355247498
,,0,5,64,256,0.01,1000,1000,134.15762162208557
0.22906941175460815,0.49216485023498535,0,5,64,256,0.01,1000,2000,266.5182387828827
,,0,5,64,256,0.01,1000,4000,536.9516999721527
0.5048470497131348,0.7547062039375305,0,15,16,64,0.1,500,500,13.110473155975342
0.1541949212551117,0.0806947723031044,0,15,16,64,0.1,500,1000,26.168347597122192
0.20992694795131683,0.3658793568611145,0,15,16,64,0.1,500,2000,52.21968746185303
0.40485671162605286,0.5089831948280334,0,15,16,64,0.1,500,4000,104.34441018104553
0.5222013592720032,0.7871258854866028,0,15,16,64,0.1,1000,500,13.041133403778076
0.7166458368301392,0.8311308026313782,0,15,16,64,0.1,1000,1000,26.058099269866943
0.30115577578544617,0.5703927874565125,0,15,16,64,0.1,1000,2000,52.294456005096436
0.1656191349029541,0.3405250310897827,0,15,16,64,0.1,1000,4000,104.36593341827393
0.31207475066185,0.6211399435997009,0,15,16,64,0.01,500,500,12.9843909740448
0.24691230058670044,0.11822060495615005,0,15,16,64,0.01,500,1000,26.10957622528076
0.22771407663822174,0.2538319528102875,0,15,16,64,0.01,500,2000,52.15585732460022
0.37746214866638184,0.28980034589767456,0,15,16,64,0.01,500,4000,104.37450933456421
0.11079327017068863,0.10640618950128555,0,15,16,64,0.01,1000,500,13.033963918685913
0.2077104151248932,0.10298426449298859,0,15,16,64,0.01,1000,1000,26.075242042541504
0.36974766850471497,0.21706660091876984,0,15,16,64,0.01,1000,2000,52.295642375946045
0.19958250224590302,0.1925867646932602,0,15,16,64,0.01,1000,4000,104.41627192497253
0.36351630091667175,0.46214643120765686,0,15,16,128,0.1,500,500,13.446926355361938
0.2553066611289978,0.5240135192871094,0,15,16,128,0.1,500,1000,26.987755298614502
0.12570253014564514,0.1293678730726242,0,15,16,128,0.1,500,2000,54.056039810180664
0.2700721025466919,0.13215869665145874,0,15,16,128,0.1,500,4000,107.79051351547241
0.2977477014064789,0.3686915934085846,0,15,16,128,0.1,1000,500,13.456388473510742
0.3140314519405365,0.3677053153514862,0,15,16,128,0.1,1000,1000,27.02054214477539
0.7147107124328613,0.8089586496353149,0,15,16,128,0.1,1000,2000,54.049322843551636
0.1325027048587799,0.2554052472114563,0,15,16,128,0.1,1000,4000,107.90931296348572
0.4120444655418396,0.5730127096176147,0,15,16,128,0.01,500,500,13.442789554595947
0.3191809058189392,0.37265998125076294,0,15,16,128,0.01,500,1000,26.97269320487976
0.2968953251838684,0.30246198177337646,0,15,16,128,0.01,500,2000,53.99093723297119
0.32264626026153564,0.37948185205459595,0,15,16,128,0.01,500,4000,108.0070481300354
0.13038931787014008,0.1416415423154831,0,15,16,128,0.01,1000,500,13.454670190811157
0.2601260542869568,0.15047897398471832,0,15,16,128,0.01,1000,1000,27.00126576423645
0.2636311650276184,0.09504330158233643,0,15,16,128,0.01,1000,2000,53.93673372268677
0.15325210988521576,0.10025468468666077,0,15,16,128,0.01,1000,4000,107.98990607261658
0.470150351524353,0.7610089182853699,0,15,16,256,0.1,500,500,14.34411358833313
0.45349931716918945,0.7880834341049194,0,15,16,256,0.1,500,1000,28.57642149925232
0.5493876338005066,0.6197635531425476,0,15,16,256,0.1,500,2000,57.048503160476685
0.2035798877477646,0.16477014124393463,0,15,16,256,0.1,500,4000,114.04381966590881
0.785635769367218,0.8190355896949768,0,15,16,256,0.1,1000,500,14.266793012619019
0.7949527502059937,0.7644509673118591,0,15,16,256,0.1,1000,1000,28.522833585739136
0.2919204533100128,0.2274937629699707,0,15,16,256,0.1,1000,2000,57.06737685203552
0.2318786084651947,0.395141065120697,0,15,16,256,0.1,1000,4000,114.06992530822754
0.22134530544281006,0.487008661031723,0,15,16,256,0.01,500,500,14.203840255737305
0.2565896511077881,0.2689845860004425,0,15,16,256,0.01,500,1000,28.59509778022766
0.31316354870796204,0.35491251945495605,0,15,16,256,0.01,500,2000,57.11872673034668
0.26612788438796997,0.25787413120269775,0,15,16,256,0.01,500,4000,114.1516945362091
0.14418143033981323,0.10464677959680557,0,15,16,256,0.01,1000,500,14.319685459136963
0.5292134881019592,0.8034759759902954,0,15,16,256,0.01,1000,1000,28.63663363456726
0.2001182734966278,0.1874784678220749,0,15,16,256,0.01,1000,2000,57.2739622592926
0.2854507565498352,0.32805126905441284,0,15,16,256,0.01,1000,4000,114.23154067993164
0.2359636276960373,0.09730459749698639,0,15,32,64,0.1,500,500,27.13449478149414
0.2801150977611542,0.37349873781204224,0,15,32,64,0.1,500,1000,54.17555046081543
0.1811678111553192,0.2684895098209381,0,15,32,64,0.1,500,2000,108.23319268226624
,,0,15,32,64,0.1,500,4000,219.55241227149963
,,0,15,32,64,0.1,1000,500,27.370673656463623
0.4853041470050812,0.6623310446739197,0,15,32,64,0.1,1000,1000,54.290135622024536
0.40016424655914307,0.6042601466178894,0,15,32,64,0.1,1000,2000,108.8308744430542
,,0,15,32,64,0.1,1000,4000,219.63904762268066
0.281475305557251,0.3513934314250946,0,15,32,64,0.01,500,500,27.106242895126343
0.3543458878993988,0.4265172779560089,0,15,32,64,0.01,500,1000,54.35505747795105
0.3319050371646881,0.39207080006599426,0,15,32,64,0.01,500,2000,108.60138463973999
0.31690433621406555,0.33786487579345703,0,15,32,64,0.01,500,4000,217.8178687095642
0.34306272864341736,0.3786710202693939,0,15,32,64,0.01,1000,500,27.173373222351074
0.28138965368270874,0.12027823179960251,0,15,32,64,0.01,1000,1000,54.29015874862671
0.35294076800346375,0.47105756402015686,0,15,32,64,0.01,1000,2000,108.85789728164673
0.2976858615875244,0.3811247646808624,0,15,32,64,0.01,1000,4000,217.4843451976776
0.20752814412117004,0.2309035211801529,0,15,32,128,0.1,500,500,28.23131823539734
0.2675853967666626,0.3435293138027191,0,15,32,128,0.1,500,1000,56.940595388412476
,,0,15,32,128,0.1,500,2000,114.87845277786255
0.3180406391620636,0.38905516266822815,0,15,32,128,0.1,500,4000,226.25039410591125
0.35871565341949463,0.5532718300819397,0,15,32,128,0.1,1000,500,28.28417134284973
,,0,15,32,128,0.1,1000,1000,57.36480712890625
0.3513600528240204,0.4540766179561615,0,15,32,128,0.1,1000,2000,112.90683889389038
0.2850247621536255,0.40370601415634155,0,15,32,128,0.1,1000,4000,226.40365314483643
,,0,15,32,128,0.01,500,500,28.60351037979126
0.23516243696212769,0.220018669962883,0,15,32,128,0.01,500,1000,56.60246181488037
0.26869258284568787,0.3469788432121277,0,15,32,128,0.01,500,2000,113.45333981513977
0.29283034801483154,0.3825951814651489,0,15,32,128,0.01,500,4000,226.3366584777832
0.3475870192050934,0.4076784551143646,0,15,32,128,0.01,1000,500,28.209396362304688
0.2542214095592499,0.2661542296409607,0,15,32,128,0.01,1000,1000,56.30847358703613
0.34490323066711426,0.3355329930782318,0,15,32,128,0.01,1000,2000,113.43979692459106
0.2788548171520233,0.280243456363678,0,15,32,128,0.01,1000,4000,225.60062742233276
0.26218369603157043,0.3822889029979706,0,15,32,256,0.1,500,500,30.503918647766113
0.25654107332229614,0.33412790298461914,0,15,32,256,0.1,500,1000,61.107741594314575
0.30923935770988464,0.40516480803489685,0,15,32,256,0.1,500,2000,122.05709910392761
,,0,15,32,256,0.1,500,4000,248.41848373413086
,,0,15,32,256,0.1,1000,500,31.27921462059021
,,0,15,32,256,0.1,1000,1000,62.46582579612732
0.23578111827373505,0.34904196858406067,0,15,32,256,0.1,1000,2000,122.44843411445618
0.30425137281417847,0.384084552526474,0,15,32,256,0.1,1000,4000,245.95274472236633
0.34832248091697693,0.5342867970466614,0,15,32,256,0.01,500,500,30.501599311828613
0.40116432309150696,0.43176761269569397,0,15,32,256,0.01,500,1000,61.18655014038086
0.302737295627594,0.30546852946281433,0,15,32,256,0.01,500,2000,122.55487155914307
0.40010836720466614,0.4856027066707611,0,15,32,256,0.01,500,4000,245.54563212394714
0.4081001877784729,0.5726070404052734,0,15,32,256,0.01,1000,500,30.514816522598267
0.29216912388801575,0.46829545497894287,0,15,32,256,0.01,1000,1000,61.08898186683655
0.19907785952091217,0.0802372470498085,0,15,32,256,0.01,1000,2000,122.16965818405151
0.28564050793647766,0.21278437972068787,0,15,32,256,0.01,1000,4000,245.75520253181458
,,0,15,64,64,0.1,500,500,60.88133883476257
0.1908913105726242,0.47078701853752136,0,15,64,64,0.1,500,1000,121.00961971282959
,,0,15,64,64,0.1,500,2000,243.95345830917358
0.2496020644903183,0.5567307472229004,0,15,64,64,0.1,500,4000,484.86490273475647
,,0,15,64,64,0.1,1000,500,60.94110631942749
0.12769079208374023,0.2146618664264679,0,15,64,64,0.1,1000,1000,120.98792552947998
,,0,15,64,64,0.1,1000,2000,243.86748123168945
,,0,15,64,64,0.1,1000,4000,488.14501881599426
,,0,15,64,64,0.01,500,500,60.80115723609924
,,0,15,64,64,0.01,500,1000,121.89893889427185
,,0,15,64,64,0.01,500,2000,243.97904706001282
,,0,15,64,64,0.01,500,4000,488.86662793159485
,,0,15,64,64,0.01,1000,500,61.02147722244263
,,0,15,64,64,0.01,1000,1000,121.72574186325073
,,0,15,64,64,0.01,1000,2000,244.0192985534668
,,0,15,64,64,0.01,1000,4000,494.7388536930084
,,0,15,64,128,0.1,500,500,65.54703569412231
,,0,15,64,128,0.1,500,1000,131.06500577926636
,,0,15,64,128,0.1,500,2000,262.3049478530884
,,0,15,64,128,0.1,500,4000,524.0784614086151
0.2561422288417816,0.6072346568107605,0,15,64,128,0.1,1000,500,65.33321189880371
0.29679250717163086,0.5706462264060974,0,15,64,128,0.1,1000,1000,130.49473571777344
,,0,15,64,128,0.1,1000,2000,262.0061762332916
,,0,15,64,128,0.1,1000,4000,524.6226897239685
,,0,15,64,128,0.01,500,500,65.5569589138031
,,0,15,64,128,0.01,500,1000,130.97587275505066
,,0,15,64,128,0.01,500,2000,262.40697503089905
,,0,15,64,128,0.01,500,4000,524.3678641319275
,,0,15,64,128,0.01,1000,500,66.07664322853088
,,0,15,64,128,0.01,1000,1000,132.4326388835907
,,0,15,64,128,0.01,1000,2000,264.9968113899231
0.25375670194625854,0.5407399535179138,0,15,64,128,0.01,1000,4000,526.3515322208405
,,0,15,64,256,0.1,500,500,71.15286827087402
,,0,15,64,256,0.1,500,1000,142.50590300559998
,,0,15,64,256,0.1,500,2000,284.8443777561188
,,0,15,64,256,0.1,500,4000,570.3646788597107
,,0,15,64,256,0.1,1000,500,71.10557579994202
,,0,15,64,256,0.1,1000,1000,142.49710941314697
,,0,15,64,256,0.1,1000,2000,284.7120819091797
,,0,15,64,256,0.1,1000,4000,570.2038230895996
,,0,15,64,256,0.01,500,500,71.10861206054688
0.2802354395389557,0.5909976363182068,0,15,64,256,0.01,500,1000,140.41724371910095
,,0,15,64,256,0.01,500,2000,284.5004734992981
,,0,15,64,256,0.01,500,4000,569.5259375572205
,,0,15,64,256,0.01,1000,500,70.78391671180725
,,0,15,64,256,0.01,1000,1000,142.19129967689514
,,0,15,64,256,0.01,1000,2000,284.42665934562683
0.23054072260856628,0.5034504532814026,0,15,64,256,0.01,1000,4000,561.9140822887421
0.7151258587837219,0.7840951681137085,0,25,16,64,0.1,500,500,13.586946249008179
0.40797144174575806,0.6568374037742615,0,25,16,64,0.1,500,1000,27.122414588928223
0.11243291944265366,0.3136945366859436,0,25,16,64,0.1,500,2000,54.39222455024719
0.1379069685935974,0.33327385783195496,0,25,16,64,0.1,500,4000,108.39609599113464
0.24678438901901245,0.4001147150993347,0,25,16,64,0.1,1000,500,13.569514989852905
0.4670180678367615,0.8036820292472839,0,25,16,64,0.1,1000,1000,27.20548701286316
0.3476003408432007,0.4357360005378723,0,25,16,64,0.1,1000,2000,54.260709047317505
0.2534955143928528,0.41070854663848877,0,25,16,64,0.1,1000,4000,108.38922643661499
0.2630898356437683,0.43458640575408936,0,25,16,64,0.01,500,500,13.511910438537598
0.20546174049377441,0.28052157163619995,0,25,16,64,0.01,500,1000,27.20933508872986
0.2305181324481964,0.39191266894340515,0,25,16,64,0.01,500,2000,54.232304096221924
0.23837439715862274,0.38015463948249817,0,25,16,64,0.01,500,4000,108.3521499633789
0.13079506158828735,0.1482871174812317,0,25,16,64,0.01,1000,500,13.55023455619812
0.6036531925201416,0.8566592931747437,0,25,16,64,0.01,1000,1000,27.190277338027954
0.21389995515346527,0.2594474256038666,0,25,16,64,0.01,1000,2000,54.273886919021606
0.17363129556179047,0.10554586350917816,0,25,16,64,0.01,1000,4000,108.70810294151306
0.19808164238929749,0.08157800137996674,0,25,16,128,0.1,500,500,14.146363735198975
0.2475365251302719,0.5329239368438721,0,25,16,128,0.1,500,1000,28.310709238052368
0.27392274141311646,0.3306121826171875,0,25,16,128,0.1,500,2000,56.541815519332886
0.11518780142068863,0.2506730556488037,0,25,16,128,0.1,500,4000,113.07836127281189
0.2805948555469513,0.39578092098236084,0,25,16,128,0.1,1000,500,14.09678840637207
0.31481969356536865,0.45453566312789917,0,25,16,128,0.1,1000,1000,28.366501331329346
0.48911935091018677,0.6329135894775391,0,25,16,128,0.1,1000,2000,56.72328495979309
0.4403989017009735,0.5074024796485901,0,25,16,128,0.1,1000,4000,113.30681133270264
0.16665533185005188,0.2616685628890991,0,25,16,128,0.01,500,500,14.123327255249023
0.2999412417411804,0.4784199893474579,0,25,16,128,0.01,500,1000,28.32873797416687
0.29622891545295715,0.3809467852115631,0,25,16,128,0.01,500,2000,56.66527462005615
0.2324541211128235,0.383381187915802,0,25,16,128,0.01,500,4000,113.45573163032532
0.33480891585350037,0.49282267689704895,0,25,16,128,0.01,1000,500,14.057663679122925
0.2421223521232605,0.29078409075737,0,25,16,128,0.01,1000,1000,28.25281071662903
0.1370823234319687,0.15563258528709412,0,25,16,128,0.01,1000,2000,56.5836067199707
0.16543661057949066,0.1164463609457016,0,25,16,128,0.01,1000,4000,113.05202627182007
0.31986722350120544,0.5924018621444702,0,25,16,256,0.1,500,500,15.149609804153442
0.2906331419944763,0.41008085012435913,0,25,16,256,0.1,500,1000,30.109951496124268
0.19819320738315582,0.3589176833629608,0,25,16,256,0.1,500,2000,60.3061740398407
0.13822457194328308,0.2440270185470581,0,25,16,256,0.1,500,4000,120.99331474304199
0.47152265906333923,0.7183595895767212,0,25,16,256,0.1,1000,500,15.125409126281738
0.46207287907600403,0.7460412383079529,0,25,16,256,0.1,1000,1000,30.236874103546143
0.46362170577049255,0.5626359581947327,0,25,16,256,0.1,1000,2000,60.53394675254822
0.372683584690094,0.4782239496707916,0,25,16,256,0.1,1000,4000,120.7727255821228
0.21864983439445496,0.06849592924118042,0,25,16,256,0.01,500,500,15.05330514907837
0.1751401126384735,0.2799282968044281,0,25,16,256,0.01,500,1000,30.16568660736084
0.12039906531572342,0.23425422608852386,0,25,16,256,0.01,500,2000,60.69426488876343
0.20245593786239624,0.3035639226436615,0,25,16,256,0.01,500,4000,120.67513537406921
0.5318044424057007,0.7650756239891052,0,25,16,256,0.01,1000,500,15.024391651153564
0.14806167781352997,0.32647979259490967,0,25,16,256,0.01,1000,1000,30.26039433479309
0.4493761658668518,0.43829068541526794,0,25,16,256,0.01,1000,2000,60.40182399749756
0.6712152361869812,0.6867635846138,0,25,16,256,0.01,1000,4000,121.03667783737183
0.28690874576568604,0.3480928838253021,0,25,32,64,0.1,500,500,28.292880296707153
,,0,25,32,64,0.1,500,1000,57.3255181312561
0.30106207728385925,0.4121434688568115,0,25,32,64,0.1,500,2000,112.8780779838562
,,0,25,32,64,0.1,500,4000,229.0279257297516
0.2302982062101364,0.28672686219215393,0,25,32,64,0.1,1000,500,28.25548481941223
,,0,25,32,64,0.1,1000,1000,57.21770238876343
0.2394445538520813,0.3223092257976532,0,25,32,64,0.1,1000,2000,113.2443311214447
,,0,25,32,64,0.1,1000,4000,228.8684618473053
0.22026968002319336,0.10215707868337631,0,25,32,64,0.01,500,500,28.1602520942688
0.34445881843566895,0.3442430794239044,0,25,32,64,0.01,500,1000,56.5118453502655
0.34160593152046204,0.43192675709724426,0,25,32,64,0.01,500,2000,113.35913848876953
0.369800865650177,0.4514250159263611,0,25,32,64,0.01,500,4000,226.29544925689697
0.4909346103668213,0.7612069249153137,0,25,32,64,0.01,1000,500,28.13831853866577
0.16589680314064026,0.11015990376472473,0,25,32,64,0.01,1000,1000,56.634034156799316
0.27705684304237366,0.3601303994655609,0,25,32,64,0.01,1000,2000,113.01794385910034
0.357136607170105,0.449335515499115,0,25,32,64,0.01,1000,4000,225.74821138381958
,,0,25,32,128,0.1,500,500,30.38016390800476
0.42091313004493713,0.5714256763458252,0,25,32,128,0.1,500,1000,60.167717933654785
,,0,25,32,128,0.1,500,2000,121.18636202812195
0.33424800634384155,0.44467446208000183,0,25,32,128,0.1,500,4000,237.48643350601196
0.741946280002594,0.7767446637153625,0,25,32,128,0.1,1000,500,29.91494584083557
0.8950529098510742,0.5513474345207214,0,25,32,128,0.1,1000,1000,59.594740867614746
,,0,25,32,128,0.1,1000,2000,120.92137694358826
,,0,25,32,128,0.1,1000,4000,243.40794324874878
0.3385080397129059,0.5284481644630432,0,25,32,128,0.01,500,500,29.70485210418701
0.40831851959228516,0.5477719902992249,0,25,32,128,0.01,500,1000,59.74017071723938
0.3678819239139557,0.44026854634284973,0,25,32,128,0.01,500,2000,120.07521510124207
0.349151074886322,0.39934366941452026,0,25,32,128,0.01,500,4000,239.18914079666138
0.21126900613307953,0.22099368274211884,0,25,32,128,0.01,1000,500,29.771921396255493
0.25246551632881165,0.19888842105865479,0,25,32,128,0.01,1000,1000,59.577991008758545
0.3089074492454529,0.40400615334510803,0,25,32,128,0.01,1000,2000,120.3979480266571
0.33431777358055115,0.42624178528785706,0,25,32,128,0.01,1000,4000,239.23346495628357
,,0,25,32,256,0.1,500,500,33.28998303413391
0.21856935322284698,0.10436877608299255,0,25,32,256,0.1,500,1000,65.98942565917969
,,0,25,32,256,0.1,500,2000,133.05289673805237
0.35181674361228943,0.45922020077705383,0,25,32,256,0.1,500,4000,262.27554869651794
,,0,25,32,256,0.1,1000,500,33.31090569496155
0.3088034391403198,0.4103841185569763,0,25,32,256,0.1,1000,1000,65.53683686256409
,,0,25,32,256,0.1,1000,2000,133.10409259796143
,,0,25,32,256,0.1,1000,4000,266.371689081192
,,0,25,32,256,0.01,500,500,33.17643356323242
0.4399765133857727,0.5728678107261658,0,25,32,256,0.01,500,1000,65.86924839019775
0.4040681719779968,0.5077832341194153,0,25,32,256,0.01,500,2000,131.40978813171387
0.26900291442871094,0.4112464189529419,0,25,32,256,0.01,500,4000,263.2176139354706
0.23381446301937103,0.24554558098316193,0,25,32,256,0.01,1000,500,32.85401463508606
0.24092714488506317,0.07411126047372818,0,25,32,256,0.01,1000,1000,65.61911463737488
0.2509055733680725,0.2703944146633148,0,25,32,256,0.01,1000,2000,130.96882247924805
0.4063470661640167,0.427096962928772,0,25,32,256,0.01,1000,4000,263.12491941452026
,,0,25,64,64,0.1,500,500,64.12704801559448
,,0,25,64,64,0.1,500,1000,128.37846517562866
,,0,25,64,64,0.1,500,2000,257.25962018966675
,,0,25,64,64,0.1,500,4000,515.0242109298706
,,0,25,64,64,0.1,1000,500,63.03472399711609
,,0,25,64,64,0.1,1000,1000,124.46442580223083
,,0,25,64,64,0.1,1000,2000,248.96073246002197
,,0,25,64,64,0.1,1000,4000,496.47211813926697
,,0,25,64,64,0.01,500,500,61.90103507041931
,,0,25,64,64,0.01,500,1000,124.30500721931458
,,0,25,64,64,0.01,500,2000,248.7806589603424
,,0,25,64,64,0.01,500,4000,497.06156969070435
,,0,25,64,64,0.01,1000,500,61.975451707839966
,,0,25,64,64,0.01,1000,1000,124.11812329292297
,,0,25,64,64,0.01,1000,2000,248.2191035747528
,,0,25,64,64,0.01,1000,4000,495.74524998664856
,,0,25,64,128,0.1,500,500,66.30331635475159
,,0,25,64,128,0.1,500,1000,132.74045515060425
,,0,25,64,128,0.1,500,2000,265.0567042827606
,,0,25,64,128,0.1,500,4000,534.7506811618805
,,0,25,64,128,0.1,1000,500,68.80516171455383
,,0,25,64,128,0.1,1000,1000,137.68337440490723
,,0,25,64,128,0.1,1000,2000,275.89544343948364
,,0,25,64,128,0.1,1000,4000,551.9420385360718
,,0,25,64,128,0.01,500,500,68.97790932655334
,,0,25,64,128,0.01,500,1000,137.9060115814209
,,0,25,64,128,0.01,500,2000,276.19025111198425
,,0,25,64,128,0.01,500,4000,551.9328012466431
,,0,25,64,128,0.01,1000,500,68.86160683631897
,,0,25,64,128,0.01,1000,1000,137.61361360549927
,,0,25,64,128,0.01,1000,2000,275.59046697616577
,,0,25,64,128,0.01,1000,4000,551.472588300705
,,0,25,64,256,0.1,500,500,74.40646314620972
,,0,25,64,256,0.1,500,1000,148.8860948085785
,,0,25,64,256,0.1,500,2000,298.14212918281555
,,0,25,64,256,0.1,500,4000,594.9213490486145
,,0,25,64,256,0.1,1000,500,74.31547665596008
,,0,25,64,256,0.1,1000,1000,148.53767919540405
,,0,25,64,256,0.1,1000,2000,297.04999136924744
,,0,25,64,256,0.1,1000,4000,595.7385058403015
,,0,25,64,256,0.01,500,500,74.06790137290955
,,0,25,64,256,0.01,500,1000,148.4751238822937
,,0,25,64,256,0.01,500,2000,298.516948223114
,,0,25,64,256,0.01,500,4000,596.06933760643
,,0,25,64,256,0.01,1000,500,74.15496754646301
,,0,25,64,256,0.01,1000,1000,148.71562433242798
,,0,25,64,256,0.01,1000,2000,298.3188922405243
,,0,25,64,256,0.01,1000,4000,597.7248029708862
0.879524290561676,0.5820325016975403,1,5,16,64,0.1,500,500,13.206165075302124
0.22332695126533508,0.23278576135635376,1,5,16,64,0.1,500,1000,26.35106062889099
0.2737318277359009,0.13333891332149506,1,5,16,64,0.1,500,2000,52.7005455493927
0.31881213188171387,0.24799855053424835,1,5,16,64,0.1,500,4000,105.24318623542786
0.3829036056995392,0.22526589035987854,1,5,16,64,0.1,1000,500,13.179599523544312
0.6366031169891357,0.9108495116233826,1,5,16,64,0.1,1000,1000,26.314045190811157
0.5390603542327881,0.5842680335044861,1,5,16,64,0.1,1000,2000,52.72099828720093
0.21478351950645447,0.0904420018196106,1,5,16,64,0.1,1000,4000,105.26777291297913
0.1832820028066635,0.15527082979679108,1,5,16,64,0.01,500,500,13.126150131225586
0.22849582135677338,0.31872308254241943,1,5,16,64,0.01,500,1000,26.393964529037476
0.19680307805538177,0.21142971515655518,1,5,16,64,0.01,500,2000,52.758360147476196
0.19732333719730377,0.2882058024406433,1,5,16,64,0.01,500,4000,105.183438539505
0.1770317256450653,0.132427379488945,1,5,16,64,0.01,1000,500,13.164746522903442
0.20697997510433197,0.3374256193637848,1,5,16,64,0.01,1000,1000,26.367216110229492
0.4338003695011139,0.49669337272644043,1,5,16,64,0.01,1000,2000,52.751142740249634
0.3781524896621704,0.3616637885570526,1,5,16,64,0.01,1000,4000,105.08851599693298
0.30886781215667725,0.49026525020599365,1,5,16,128,0.1,500,500,13.463956356048584
0.45579901337623596,0.46297046542167664,1,5,16,128,0.1,500,1000,27.072695016860962
0.44450265169143677,0.34231510758399963,1,5,16,128,0.1,500,2000,54.26914834976196
0.4893471300601959,0.4818590581417084,1,5,16,128,0.1,500,4000,108.51760077476501
0.35298845171928406,0.6345727443695068,1,5,16,128,0.1,1000,500,13.531129598617554
0.35842785239219666,0.31667107343673706,1,5,16,128,0.1,1000,1000,27.101935386657715
0.19429804384708405,0.1816563606262207,1,5,16,128,0.1,1000,2000,54.13879871368408
0.4336974024772644,0.3502570688724518,1,5,16,128,0.1,1000,4000,108.135986328125
0.22075790166854858,0.20840804278850555,1,5,16,128,0.01,500,500,13.466301918029785
0.19103603065013885,0.15792162716388702,1,5,16,128,0.01,500,1000,27.08055806159973
0.24348311126232147,0.2519529461860657,1,5,16,128,0.01,500,2000,54.22906422615051
0.20716391503810883,0.21025517582893372,1,5,16,128,0.01,500,4000,108.37988138198853
0.18173865973949432,0.16442622244358063,1,5,16,128,0.01,1000,500,13.463165044784546
0.3765473961830139,0.20981496572494507,1,5,16,128,0.01,1000,1000,27.112858295440674
0.36840885877609253,0.340857595205307,1,5,16,128,0.01,1000,2000,54.13150334358215
0.34040164947509766,0.285890132188797,1,5,16,128,0.01,1000,4000,107.97499752044678
0.5208640098571777,0.7149758338928223,1,5,16,256,0.1,500,500,14.14180064201355
0.33992740511894226,0.16615019738674164,1,5,16,256,0.1,500,1000,28.27079439163208
0.522575318813324,0.40284138917922974,1,5,16,256,0.1,500,2000,56.745341777801514
0.29946452379226685,0.19152501225471497,1,5,16,256,0.1,500,4000,113.52303123474121
0.6466779112815857,0.8321467041969299,1,5,16,256,0.1,1000,500,14.180408239364624
0.28418049216270447,0.41024020314216614,1,5,16,256,0.1,1000,1000,28.26175570487976
0.5761507749557495,0.6607765555381775,1,5,16,256,0.1,1000,2000,56.66924333572388
0.5101065635681152,0.549483597278595,1,5,16,256,0.1,1000,4000,113.12585926055908
0.2802049517631531,0.5386431813240051,1,5,16,256,0.01,500,500,14.168515682220459
0.17127031087875366,0.18404443562030792,1,5,16,256,0.01,500,1000,28.30973505973816
0.20760762691497803,0.11917202174663544,1,5,16,256,0.01,500,2000,56.60383415222168
0.22446006536483765,0.36148765683174133,1,5,16,256,0.01,500,4000,113.47921776771545
0.24261845648288727,0.2700892984867096,1,5,16,256,0.01,1000,500,14.145451307296753
0.4145459830760956,0.34687843918800354,1,5,16,256,0.01,1000,1000,28.430561780929565
0.3450465798377991,0.3956962823867798,1,5,16,256,0.01,1000,2000,56.768327951431274
0.3716433644294739,0.3355686068534851,1,5,16,256,0.01,1000,4000,113.42476725578308
0.4732174873352051,0.5148476362228394,1,5,32,64,0.1,500,500,27.42204260826111
0.3421606421470642,0.47717025876045227,1,5,32,64,0.1,500,1000,54.773287296295166
0.2730138301849365,0.3517846465110779,1,5,32,64,0.1,500,2000,109.73133158683777
0.321402370929718,0.32896390557289124,1,5,32,64,0.1,500,4000,219.05748796463013
0.19661080837249756,0.36428236961364746,1,5,32,64,0.1,1000,500,27.49543595314026
0.1963626593351364,0.33316218852996826,1,5,32,64,0.1,1000,1000,54.969472885131836
0.38270848989486694,0.2619280517101288,1,5,32,64,0.1,1000,2000,109.91257166862488
0.45185142755508423,0.44814926385879517,1,5,32,64,0.1,1000,4000,219.1810917854309
0.32848820090293884,0.3836464583873749,1,5,32,64,0.01,500,500,27.371715545654297
0.2710571885108948,0.14271293580532074,1,5,32,64,0.01,500,1000,55.05875039100647
0.22670593857765198,0.14049530029296875,1,5,32,64,0.01,500,2000,110.41017079353333
0.25655892491340637,0.1611393392086029,1,5,32,64,0.01,500,4000,219.56606698036194
0.2473079413175583,0.31368714570999146,1,5,32,64,0.01,1000,500,27.44461750984192
0.2594151794910431,0.332166463136673,1,5,32,64,0.01,1000,1000,54.839399337768555
0.2601873576641083,0.20835959911346436,1,5,32,64,0.01,1000,2000,109.55620670318604
0.2892645001411438,0.3551936745643616,1,5,32,64,0.01,1000,4000,219.1934266090393
0.5045986771583557,0.5537971258163452,1,5,32,128,0.1,500,500,28.43112540245056
0.23773282766342163,0.08059846609830856,1,5,32,128,0.1,500,1000,57.079540491104126
0.3942233920097351,0.33129239082336426,1,5,32,128,0.1,500,2000,114.49189496040344
0.4228210151195526,0.3532746136188507,1,5,32,128,0.1,500,4000,227.519513130188
0.2592051327228546,0.4353201687335968,1,5,32,128,0.1,1000,500,28.315455436706543
0.22406868636608124,0.06229570880532265,1,5,32,128,0.1,1000,1000,56.64979672431946
0.2856791317462921,0.4202057123184204,1,5,32,128,0.1,1000,2000,113.91311407089233
0.24932372570037842,0.25262752175331116,1,5,32,128,0.1,1000,4000,228.11313033103943
0.2957385182380676,0.373891144990921,1,5,32,128,0.01,500,500,28.457931518554688
0.2490711808204651,0.2393236607313156,1,5,32,128,0.01,500,1000,57.05108118057251
0.2740252912044525,0.23662742972373962,1,5,32,128,0.01,500,2000,113.74198913574219
0.17628386616706848,0.13687989115715027,1,5,32,128,0.01,500,4000,227.07435178756714
0.22463808953762054,0.18720179796218872,1,5,32,128,0.01,1000,500,28.499339818954468
0.2610695958137512,0.24031098186969757,1,5,32,128,0.01,1000,1000,57.146005153656006
0.3390547037124634,0.34014004468917847,1,5,32,128,0.01,1000,2000,113.77776622772217
0.33187171816825867,0.3316039443016052,1,5,32,128,0.01,1000,4000,227.5440001487732
0.5186740159988403,0.7211249470710754,1,5,32,256,0.1,500,500,30.065610885620117
0.38819411396980286,0.48519444465637207,1,5,32,256,0.1,500,1000,60.91455388069153
0.2696843445301056,0.2986973226070404,1,5,32,256,0.1,500,2000,121.26242685317993
0.24324136972427368,0.26767897605895996,1,5,32,256,0.1,500,4000,242.31132769584656
0.34167060256004333,0.4669504463672638,1,5,32,256,0.1,1000,500,30.347681283950806
0.3095628619194031,0.3512398898601532,1,5,32,256,0.1,1000,1000,60.7376971244812
0.2276643067598343,0.15234188735485077,1,5,32,256,0.1,1000,2000,121.5374846458435
0.20360803604125977,0.21143563091754913,1,5,32,256,0.1,1000,4000,242.6504189968109
0.21629738807678223,0.14317819476127625,1,5,32,256,0.01,500,500,30.330097436904907
0.2605382800102234,0.1419074684381485,1,5,32,256,0.01,500,1000,60.68619108200073
0.27767670154571533,0.233311727643013,1,5,32,256,0.01,500,2000,121.99623823165894
0.20063845813274384,0.4074091911315918,1,5,32,256,0.01,500,4000,242.7624089717865
0.22286124527454376,0.13892236351966858,1,5,32,256,0.01,1000,500,30.314281702041626
0.2752651572227478,0.17447137832641602,1,5,32,256,0.01,1000,1000,60.5663480758667
0.34295985102653503,0.3841685950756073,1,5,32,256,0.01,1000,2000,121.2304036617279
0.30590173602104187,0.29168519377708435,1,5,32,256,0.01,1000,4000,243.41233849525452
,,1,5,64,64,0.1,500,500,61.380499601364136
0.2178179770708084,0.44666382670402527,1,5,64,64,0.1,500,1000,123.31331610679626
0.1811877340078354,0.5017102956771851,1,5,64,64,0.1,500,2000,245.57572054862976
0.23465323448181152,0.5037159323692322,1,5,64,64,0.1,500,4000,492.15054416656494
,,1,5,64,64,0.1,1000,500,61.60707139968872
0.39617618918418884,0.6293007731437683,1,5,64,64,0.1,1000,1000,122.7471055984497
0.29246124625205994,0.5435488820075989,1,5,64,64,0.1,1000,2000,245.64511942863464
0.2594602406024933,0.5140084624290466,1,5,64,64,0.1,1000,4000,492.4488844871521
,,1,5,64,64,0.01,500,500,61.626349687576294
0.30036312341690063,0.5112885236740112,1,5,64,64,0.01,500,1000,123.2355272769928
,,1,5,64,64,0.01,500,2000,246.52647614479065
0.2787279784679413,0.5216569304466248,1,5,64,64,0.01,500,4000,490.97722911834717
0.32450106739997864,0.44861817359924316,1,5,64,64,0.01,1000,500,60.25684881210327
0.24706602096557617,0.4302089810371399,1,5,64,64,0.01,1000,1000,120.44210386276245
0.2444073110818863,0.48830315470695496,1,5,64,64,0.01,1000,2000,241.06030559539795
0.2123369723558426,0.38632482290267944,1,5,64,64,0.01,1000,4000,482.32433462142944
0.388761043548584,0.7554560303688049,1,5,64,128,0.1,500,500,63.318050384521484
,,1,5,64,128,0.1,500,1000,126.87297892570496
0.22794082760810852,0.4209630489349365,1,5,64,128,0.1,500,2000,253.3283886909485
0.2124728113412857,0.4258959889411926,1,5,64,128,0.1,500,4000,507.0325016975403
,,1,5,64,128,0.1,1000,500,63.43634581565857
0.16398151218891144,0.3470782935619354,1,5,64,128,0.1,1000,1000,126.69280505180359
0.24011392891407013,0.5484282970428467,1,5,64,128,0.1,1000,2000,253.5715548992157
0.24416442215442657,0.4908885955810547,1,5,64,128,0.1,1000,4000,506.4372720718384
,,1,5,64,128,0.01,500,500,63.63424754142761
0.284004271030426,0.420693039894104,1,5,64,128,0.01,500,1000,126.53150272369385
0.3013482391834259,0.41784948110580444,1,5,64,128,0.01,500,2000,253.36686873435974
0.23943698406219482,0.28380829095840454,1,5,64,128,0.01,500,4000,507.2038097381592
,,1,5,64,128,0.01,1000,500,63.51874566078186
0.16844442486763,0.24451643228530884,1,5,64,128,0.01,1000,1000,126.41207981109619
0.22929751873016357,0.4122217893600464,1,5,64,128,0.01,1000,2000,253.4651918411255
0.25143447518348694,0.5067682862281799,1,5,64,128,0.01,1000,4000,505.7396295070648
,,1,5,64,256,0.1,500,500,67.22815656661987
,,1,5,64,256,0.1,500,1000,134.88148164749146
0.1904047727584839,0.4710260331630707,1,5,64,256,0.1,500,2000,267.57742404937744
0.2506425380706787,0.5019896030426025,1,5,64,256,0.1,500,4000,534.7764105796814
0.3162483274936676,0.6767644882202148,1,5,64,256,0.1,1000,500,66.80365371704102
,,1,5,64,256,0.1,1000,1000,134.86793279647827
0.2868086099624634,0.5476235151290894,1,5,64,256,0.1,1000,2000,274.53326988220215
0.22052375972270966,0.5365961790084839,1,5,64,256,0.1,1000,4000,550.5829784870148
0.29347896575927734,0.39409345388412476,1,5,64,256,0.01,500,500,68.74671697616577
0.2622140645980835,0.49185216426849365,1,5,64,256,0.01,500,1000,137.42457675933838
0.26326221227645874,0.5053868889808655,1,5,64,256,0.01,500,2000,274.96784710884094
0.21952742338180542,0.27531367540359497,1,5,64,256,0.01,500,4000,550.4894754886627
0.33116477727890015,0.5246719717979431,1,5,64,256,0.01,1000,500,68.74444842338562
0.2944474518299103,0.5857060551643372,1,5,64,256,0.01,1000,1000,137.9679412841797
0.2427775263786316,0.4858989119529724,1,5,64,256,0.01,1000,2000,275.5663902759552
0.25019773840904236,0.5108016133308411,1,5,64,256,0.01,1000,4000,551.2462201118469
0.539583146572113,0.6391554474830627,1,15,16,64,0.1,500,500,13.57674789428711
0.27152717113494873,0.40766045451164246,1,15,16,64,0.1,500,1000,27.10002040863037
0.3145119547843933,0.2903069853782654,1,15,16,64,0.1,500,2000,54.284608125686646
0.21709507703781128,0.37692180275917053,1,15,16,64,0.1,500,4000,108.1050775051117
0.5313868522644043,0.817202627658844,1,15,16,64,0.1,1000,500,13.584970235824585
0.6556326150894165,0.828722357749939,1,15,16,64,0.1,1000,1000,27.15906047821045
0.20759300887584686,0.37531545758247375,1,15,16,64,0.1,1000,2000,54.29089426994324
0.12107040733098984,0.2222287803888321,1,15,16,64,0.1,1000,4000,108.51365399360657
0.25188347697257996,0.10838840156793594,1,15,16,64,0.01,500,500,13.53266429901123
0.4043044447898865,0.557978630065918,1,15,16,64,0.01,500,1000,27.232216596603394
0.28382790088653564,0.3079427480697632,1,15,16,64,0.01,500,2000,54.283710956573486
0.38783136010169983,0.4762161076068878,1,15,16,64,0.01,500,4000,108.44222402572632
0.2124161571264267,0.40594929456710815,1,15,16,64,0.01,1000,500,13.525115489959717
0.5249060988426208,0.7252247333526611,1,15,16,64,0.01,1000,1000,27.169552326202393
0.2259293496608734,0.3477000594139099,1,15,16,64,0.01,1000,2000,54.32075214385986
0.17644040286540985,0.21626362204551697,1,15,16,64,0.01,1000,4000,108.31326961517334
0.7012864947319031,0.8060414791107178,1,15,16,128,0.1,500,500,13.875737428665161
0.1661604791879654,0.14186090230941772,1,15,16,128,0.1,500,1000,27.87635850906372
0.25935348868370056,0.34779834747314453,1,15,16,128,0.1,500,2000,55.82833552360535
0.2781880497932434,0.4231311082839966,1,15,16,128,0.1,500,4000,111.1191668510437
0.4769960641860962,0.7479050755500793,1,15,16,128,0.1,1000,500,13.826936483383179
0.3968794047832489,0.5122036933898926,1,15,16,128,0.1,1000,1000,27.81477117538452
0.38606026768684387,0.5503735542297363,1,15,16,128,0.1,1000,2000,55.63545489311218
0.15416136384010315,0.3066650927066803,1,15,16,128,0.1,1000,4000,111.17267918586731
0.4392847716808319,0.750734269618988,1,15,16,128,0.01,500,500,13.843211650848389
0.25353625416755676,0.17380954325199127,1,15,16,128,0.01,500,1000,27.794747829437256
0.23603813350200653,0.2911214530467987,1,15,16,128,0.01,500,2000,55.70591855049133
0.2440069615840912,0.29918837547302246,1,15,16,128,0.01,500,4000,111.40095973014832
0.48342934250831604,0.7519472241401672,1,15,16,128,0.01,1000,500,13.831563711166382
0.37002578377723694,0.5369603037834167,1,15,16,128,0.01,1000,1000,27.800318956375122
0.1509382277727127,0.0940321534872055,1,15,16,128,0.01,1000,2000,55.68803548812866
0.2211558222770691,0.07518412917852402,1,15,16,128,0.01,1000,4000,111.23445439338684
0.2531256079673767,0.08034560829401016,1,15,16,256,0.1,500,500,14.763197660446167
0.35289302468299866,0.40944623947143555,1,15,16,256,0.1,500,1000,29.475938081741333
0.49649542570114136,0.49361270666122437,1,15,16,256,0.1,500,2000,58.87785506248474
0.31593817472457886,0.3518992066383362,1,15,16,256,0.1,500,4000,117.74567079544067
0.45599862933158875,0.6516172289848328,1,15,16,256,0.1,1000,500,14.746374368667603
0.6150194406509399,0.8618205189704895,1,15,16,256,0.1,1000,1000,29.489880084991455
0.17817026376724243,0.30146488547325134,1,15,16,256,0.1,1000,2000,59.033785820007324
0.6064721345901489,0.7006146907806396,1,15,16,256,0.1,1000,4000,117.79428243637085
0.4111155569553375,0.4079016447067261,1,15,16,256,0.01,500,500,14.704641819000244
0.19740885496139526,0.26671329140663147,1,15,16,256,0.01,500,1000,29.478797435760498
0.28868797421455383,0.3487052321434021,1,15,16,256,0.01,500,2000,59.0284857749939
0.26484519243240356,0.24807143211364746,1,15,16,256,0.01,500,4000,118.26081466674805
0.2065770924091339,0.10241355746984482,1,15,16,256,0.01,1000,500,14.7153799533844
0.20932939648628235,0.3194330036640167,1,15,16,256,0.01,1000,1000,29.53539729118347
0.31254640221595764,0.31793585419654846,1,15,16,256,0.01,1000,2000,59.025487661361694
0.2498338222503662,0.08777318894863129,1,15,16,256,0.01,1000,4000,117.86209487915039
0.2804375886917114,0.3772774934768677,1,15,32,64,0.1,500,500,28.243154048919678
,,1,15,32,64,0.1,500,1000,56.805434465408325
0.309346079826355,0.4488336145877838,1,15,32,64,0.1,500,2000,112.44412159919739
,,1,15,32,64,0.1,500,4000,226.89582991600037
,,1,15,32,64,0.1,1000,500,28.368513584136963
0.27318719029426575,0.43517252802848816,1,15,32,64,0.1,1000,1000,55.88633704185486
,,1,15,32,64,0.1,1000,2000,113.35314273834229
0.29834675788879395,0.37779614329338074,1,15,32,64,0.1,1000,4000,224.411616563797
0.6212483644485474,0.8330631256103516,1,15,32,64,0.01,500,500,28.02270245552063
0.36512595415115356,0.3881371021270752,1,15,32,64,0.01,500,1000,56.26684832572937
0.2339504510164261,0.22265124320983887,1,15,32,64,0.01,500,2000,112.37638902664185
0.34958526492118835,0.38261914253234863,1,15,32,64,0.01,500,4000,225.04652976989746
0.23016652464866638,0.2700507938861847,1,15,32,64,0.01,1000,500,28.03349733352661
0.23681285977363586,0.3964995741844177,1,15,32,64,0.01,1000,1000,56.14453125
0.32955601811408997,0.43118518590927124,1,15,32,64,0.01,1000,2000,111.96282720565796
0.3171730041503906,0.4275517165660858,1,15,32,64,0.01,1000,4000,224.8391933441162
0.2965286374092102,0.6339051723480225,1,15,32,128,0.1,500,500,29.185304403305054
0.432202011346817,0.6137816309928894,1,15,32,128,0.1,500,1000,58.2769513130188
,,1,15,32,128,0.1,500,2000,119.01419401168823
0.49135446548461914,0.5341150164604187,1,15,32,128,0.1,500,4000,233.23738551139832
0.35981622338294983,0.5288808941841125,1,15,32,128,0.1,1000,500,29.232558727264404
0.18864184617996216,0.12041936069726944,1,15,32,128,0.1,1000,1000,58.40355730056763
0.295431524515152,0.4876275956630707,1,15,32,128,0.1,1000,2000,117.0107581615448
,,1,15,32,128,0.1,1000,4000,237.3617660999298
0.34216490387916565,0.39905697107315063,1,15,32,128,0.01,500,500,29.02731943130493
0.35507726669311523,0.308401882648468,1,15,32,128,0.01,500,1000,58.29216694831848
0.33929571509361267,0.3587023615837097,1,15,32,128,0.01,500,2000,116.5259153842926
0.41272521018981934,0.43094632029533386,1,15,32,128,0.01,500,4000,234.14211416244507
0.2753699719905853,0.3736903667449951,1,15,32,128,0.01,1000,500,29.32224416732788
0.2835017144680023,0.428168386220932,1,15,32,128,0.01,1000,1000,58.44662404060364
0.16069142520427704,0.15205296874046326,1,15,32,128,0.01,1000,2000,116.66995787620544
0.2894853353500366,0.26050734519958496,1,15,32,128,0.01,1000,4000,233.03813886642456
0.5184435248374939,0.750197172164917,1,15,32,256,0.1,500,500,31.44956350326538
,,1,15,32,256,0.1,500,1000,64.22923541069031
,,1,15,32,256,0.1,500,2000,128.41108012199402
0.8464913368225098,1.4210631847381592,1,15,32,256,0.1,500,4000,252.30416870117188
0.220262348651886,0.252495676279068,1,15,32,256,0.1,1000,500,31.523803234100342
0.4202396273612976,0.6599352955818176,1,15,32,256,0.1,1000,1000,62.99560189247131
0.28566667437553406,0.4947194457054138,1,15,32,256,0.1,1000,2000,126.20118999481201
0.3024790585041046,0.4333874583244324,1,15,32,256,0.1,1000,4000,252.74147510528564
0.5332772731781006,0.7408319115638733,1,15,32,256,0.01,500,500,31.481958627700806
0.35242342948913574,0.4219982922077179,1,15,32,256,0.01,500,1000,63.26096320152283
0.370482474565506,0.4229120910167694,1,15,32,256,0.01,500,2000,126.34525489807129
0.3623049557209015,0.43526825308799744,1,15,32,256,0.01,500,4000,253.22558426856995
0.27249813079833984,0.20929668843746185,1,15,32,256,0.01,1000,500,31.56445288658142
0.3737088441848755,0.3874128758907318,1,15,32,256,0.01,1000,1000,63.106794357299805
0.2588636577129364,0.2885357737541199,1,15,32,256,0.01,1000,2000,126.34182858467102
0.25037190318107605,0.2942450940608978,1,15,32,256,0.01,1000,4000,253.05378079414368
,,1,15,64,64,0.1,500,500,63.089431285858154
,,1,15,64,64,0.1,500,1000,126.2454822063446
,,1,15,64,64,0.1,500,2000,252.5820348262787
,,1,15,64,64,0.1,500,4000,505.8006672859192
,,1,15,64,64,0.1,1000,500,63.28594946861267
,,1,15,64,64,0.1,1000,1000,126.2096688747406
,,1,15,64,64,0.1,1000,2000,253.1194565296173
,,1,15,64,64,0.1,1000,4000,505.9487454891205
,,1,15,64,64,0.01,500,500,62.97503733634949
0.2868563234806061,0.5178303718566895,1,15,64,64,0.01,500,1000,125.17316675186157
,,1,15,64,64,0.01,500,2000,252.62578535079956
,,1,15,64,64,0.01,500,4000,505.0236704349518
0.2939872443675995,0.5026118755340576,1,15,64,64,0.01,1000,500,62.59502553939819
,,1,15,64,64,0.01,1000,1000,126.19083046913147
,,1,15,64,64,0.01,1000,2000,252.3301281929016
,,1,15,64,64,0.01,1000,4000,505.1973087787628
0.29116714000701904,0.2192850559949875,1,15,64,128,0.1,500,500,66.1973123550415
,,1,15,64,128,0.1,500,1000,134.10300469398499
,,1,15,64,128,0.1,500,2000,268.3658435344696
,,1,15,64,128,0.1,500,4000,537.4834418296814
,,1,15,64,128,0.1,1000,500,68.3311493396759
,,1,15,64,128,0.1,1000,1000,130.32059335708618
,,1,15,64,128,0.1,1000,2000,257.3068594932556
,,1,15,64,128,0.1,1000,4000,511.70511651039124
,,1,15,64,128,0.01,500,500,63.786351442337036
,,1,15,64,128,0.01,500,1000,128.01266288757324
,,1,15,64,128,0.01,500,2000,256.2848868370056
,,1,15,64,128,0.01,500,4000,512.9029755592346
,,1,15,64,128,0.01,1000,500,63.9112811088562
,,1,15,64,128,0.01,1000,1000,127.84267950057983
,,1,15,64,128,0.01,1000,2000,256.6086938381195
,,1,15,64,128,0.01,1000,4000,512.6468434333801
,,1,15,64,256,0.1,500,500,69.29404377937317
,,1,15,64,256,0.1,500,1000,138.61267733573914
,,1,15,64,256,0.1,500,2000,277.54896426200867
,,1,15,64,256,0.1,500,4000,556.2877130508423
,,1,15,64,256,0.1,1000,500,69.3222975730896
,,1,15,64,256,0.1,1000,1000,138.5922224521637
,,1,15,64,256,0.1,1000,2000,277.6197283267975
,,1,15,64,256,0.1,1000,4000,555.4938645362854
,,1,15,64,256,0.01,500,500,69.0364294052124
,,1,15,64,256,0.01,500,1000,138.48288774490356
,,1,15,64,256,0.01,500,2000,277.10316610336304
,,1,15,64,256,0.01,500,4000,555.1029748916626
,,1,15,64,256,0.01,1000,500,69.17602705955505
,,1,15,64,256,0.01,1000,1000,138.5019018650055
,,1,15,64,256,0.01,1000,2000,277.15751695632935
,,1,15,64,256,0.01,1000,4000,555.014975309372
0.5397982001304626,0.8450974822044373,1,25,16,64,0.1,500,500,13.242816686630249
0.24462726712226868,0.2847416400909424,1,25,16,64,0.1,500,1000,26.462114810943604
0.30504652857780457,0.40384748578071594,1,25,16,64,0.1,500,2000,52.973408222198486
0.22282631695270538,0.3482546806335449,1,25,16,64,0.1,500,4000,105.70447182655334
0.5065566301345825,0.8407494425773621,1,25,16,64,0.1,1000,500,13.214785099029541
0.1515244096517563,0.13981451094150543,1,25,16,64,0.1,1000,1000,26.43443727493286
0.7911736965179443,0.8598896861076355,1,25,16,64,0.1,1000,2000,52.8197865486145
0.6625698804855347,0.7549029588699341,1,25,16,64,0.1,1000,4000,105.69273662567139
0.31275832653045654,0.228624626994133,1,25,16,64,0.01,500,500,13.212867736816406
0.31439995765686035,0.38109681010246277,1,25,16,64,0.01,500,1000,26.43583345413208
0.3249419629573822,0.42076215147972107,1,25,16,64,0.01,500,2000,52.961714029312134
0.31328368186950684,0.3801797330379486,1,25,16,64,0.01,500,4000,105.89416456222534
0.15842536091804504,0.16202478110790253,1,25,16,64,0.01,1000,500,13.220913648605347
0.1773427277803421,0.21162709593772888,1,25,16,64,0.01,1000,1000,26.404915809631348
0.1473180055618286,0.14983707666397095,1,25,16,64,0.01,1000,2000,52.84836721420288
0.12548735737800598,0.143790602684021,1,25,16,64,0.01,1000,4000,105.6225974559784
0.5028908252716064,0.7131806015968323,1,25,16,128,0.1,500,500,13.712687492370605
0.3519093990325928,0.6328206658363342,1,25,16,128,0.1,500,1000,27.562997102737427
0.16823546588420868,0.1513592153787613,1,25,16,128,0.1,500,2000,55.26364827156067
0.2811059355735779,0.3991185128688812,1,25,16,128,0.1,500,4000,110.36669278144836
0.12594345211982727,0.19827957451343536,1,25,16,128,0.1,1000,500,13.769802331924438
0.3819318115711212,0.4133601486682892,1,25,16,128,0.1,1000,1000,27.62337350845337
0.2732709050178528,0.30281123518943787,1,25,16,128,0.1,1000,2000,55.2171356678009
0.13894827663898468,0.31636202335357666,1,25,16,128,0.1,1000,4000,110.13399195671082
0.39640459418296814,0.6650989055633545,1,25,16,128,0.01,500,500,13.715247631072998
0.1151980608701706,0.2292756587266922,1,25,16,128,0.01,500,1000,27.665773630142212
0.14830456674098969,0.295088529586792,1,25,16,128,0.01,500,2000,55.00789260864258
0.2333880066871643,0.3375340402126312,1,25,16,128,0.01,500,4000,110.32586622238159
0.5424044728279114,0.8835065960884094,1,25,16,128,0.01,1000,500,13.813249111175537
0.4445953071117401,0.6865723133087158,1,25,16,128,0.01,1000,1000,27.704464435577393
0.34639590978622437,0.24184025824069977,1,25,16,128,0.01,1000,2000,55.45552134513855
0.260810911655426,0.2248726636171341,1,25,16,128,0.01,1000,4000,110.77224063873291
0.3260003924369812,0.4462168514728546,1,25,16,256,0.1,500,500,14.763498306274414
0.22163037955760956,0.5462325215339661,1,25,16,256,0.1,500,1000,29.477063417434692
0.3820452094078064,0.4520178437232971,1,25,16,256,0.1,500,2000,58.932677268981934
0.17989559471607208,0.17807835340499878,1,25,16,256,0.1,500,4000,118.01597356796265
0.5610827207565308,0.7971517443656921,1,25,16,256,0.1,1000,500,14.762816190719604
0.5513154864311218,0.812070369720459,1,25,16,256,0.1,1000,1000,29.43942904472351
0.40958645939826965,0.565828800201416,1,25,16,256,0.1,1000,2000,59.04378271102905
0.2114814668893814,0.36325159668922424,1,25,16,256,0.1,1000,4000,118.02080416679382
0.3170204758644104,0.5131093263626099,1,25,16,256,0.01,500,500,14.733859300613403
0.14911077916622162,0.1273244172334671,1,25,16,256,0.01,500,1000,29.520175457000732
0.2611713111400604,0.3135955035686493,1,25,16,256,0.01,500,2000,59.00899314880371
0.309655100107193,0.43316060304641724,1,25,16,256,0.01,500,4000,118.03291416168213
0.09959735721349716,0.17724952101707458,1,25,16,256,0.01,1000,500,14.684696674346924
0.4657660722732544,0.8297131061553955,1,25,16,256,0.01,1000,1000,29.50361442565918
0.4262874722480774,0.5134232640266418,1,25,16,256,0.01,1000,2000,58.91517186164856
0.5910526514053345,0.7667027711868286,1,25,16,256,0.01,1000,4000,117.86495161056519
,,1,25,32,64,0.1,500,500,28.023572206497192
,,1,25,32,64,0.1,500,1000,56.08966255187988
,,1,25,32,64,0.1,500,2000,112.37728905677795
,,1,25,32,64,0.1,500,4000,224.2179718017578
,,1,25,32,64,0.1,1000,500,28.087262392044067
,,1,25,32,64,0.1,1000,1000,55.935402393341064
,,1,25,32,64,0.1,1000,2000,112.56605219841003
0.2678372859954834,0.3512866497039795,1,25,32,64,0.1,1000,4000,220.41417789459229
0.6100449562072754,0.8380095362663269,1,25,32,64,0.01,500,500,27.508490562438965
0.31651729345321655,0.3501918911933899,1,25,32,64,0.01,500,1000,55.07246375083923
0.2889147102832794,0.3810558617115021,1,25,32,64,0.01,500,2000,110.57494258880615
0.33168989419937134,0.40886470675468445,1,25,32,64,0.01,500,4000,220.14946222305298
0.28480884432792664,0.29838335514068604,1,25,32,64,0.01,1000,500,27.530789613723755
0.5214271545410156,0.6599633097648621,1,25,32,64,0.01,1000,1000,55.2141900062561
0.2762029767036438,0.2409050315618515,1,25,32,64,0.01,1000,2000,110.38891005516052
0.3569473326206207,0.4187193214893341,1,25,32,64,0.01,1000,4000,220.21035194396973
,,1,25,32,128,0.1,500,500,29.40939950942993
0.24267688393592834,0.3249185085296631,1,25,32,128,0.1,500,1000,58.53012156486511
,,1,25,32,128,0.1,500,2000,118.597238779068
,,1,25,32,128,0.1,500,4000,236.06798386573792
,,1,25,32,128,0.1,1000,500,29.63940954208374
,,1,25,32,128,0.1,1000,1000,59.360235929489136
,,1,25,32,128,0.1,1000,2000,118.3140618801117
0.2501046061515808,0.3844236731529236,1,25,32,128,0.1,1000,4000,233.73796367645264
0.27304378151893616,0.3034999668598175,1,25,32,128,0.01,500,500,29.076600074768066
0.3090159595012665,0.3260616362094879,1,25,32,128,0.01,500,1000,58.15983009338379
0.35938751697540283,0.41432926058769226,1,25,32,128,0.01,500,2000,117.05210089683533
0.36249813437461853,0.45891690254211426,1,25,32,128,0.01,500,4000,232.64684796333313
0.586376965045929,0.8139678835868835,1,25,32,128,0.01,1000,500,29.20028257369995
0.2972671389579773,0.16817115247249603,1,25,32,128,0.01,1000,1000,58.299835443496704
0.3277720510959625,0.3745875954627991,1,25,32,128,0.01,1000,2000,116.52121138572693
0.31531959772109985,0.37211716175079346,1,25,32,128,0.01,1000,4000,232.8697910308838
,,1,25,32,256,0.1,500,500,32.25193738937378
0.4200398325920105,0.5540988445281982,1,25,32,256,0.1,500,1000,63.60307955741882
,,1,25,32,256,0.1,500,2000,128.89242792129517
,,1,25,32,256,0.1,500,4000,258.19374537467957
0.176764115691185,0.07572681456804276,1,25,32,256,0.1,1000,500,31.692582607269287
,,1,25,32,256,0.1,1000,1000,64.44768023490906
,,1,25,32,256,0.1,1000,2000,129.3469841480255
,,1,25,32,256,0.1,1000,4000,258.53500175476074
,,1,25,32,256,0.01,500,500,32.17868256568909
0.30202534794807434,0.30710604786872864,1,25,32,256,0.01,500,1000,63.44421720504761
0.2829459309577942,0.36629289388656616,1,25,32,256,0.01,500,2000,126.84054446220398
0.36217889189720154,0.4161968529224396,1,25,32,256,0.01,500,4000,254.3068335056305
0.4198814928531647,0.699916660785675,1,25,32,256,0.01,1000,500,31.772905826568604
0.39957135915756226,0.47628116607666016,1,25,32,256,0.01,1000,1000,63.512563705444336
0.3330828547477722,0.40850669145584106,1,25,32,256,0.01,1000,2000,126.8842875957489
0.27229517698287964,0.3236607313156128,1,25,32,256,0.01,1000,4000,254.76819944381714
,,1,25,64,64,0.1,500,500,62.62028527259827
,,1,25,64,64,0.1,500,1000,125.1142590045929
,,1,25,64,64,0.1,500,2000,250.34308123588562
,,1,25,64,64,0.1,500,4000,504.5071074962616
,,1,25,64,64,0.1,1000,500,63.401445150375366
0.19691063463687897,0.2223183512687683,1,25,64,64,0.1,1000,1000,125.8481547832489
,,1,25,64,64,0.1,1000,2000,253.20729303359985
,,1,25,64,64,0.1,1000,4000,507.7401592731476
,,1,25,64,64,0.01,500,500,63.19792437553406
,,1,25,64,64,0.01,500,1000,126.47422528266907
,,1,25,64,64,0.01,500,2000,253.55953645706177
,,1,25,64,64,0.01,500,4000,506.739609003067
,,1,25,64,64,0.01,1000,500,63.30837917327881
,,1,25,64,64,0.01,1000,1000,126.6884274482727
,,1,25,64,64,0.01,1000,2000,253.3354766368866
,,1,25,64,64,0.01,1000,4000,506.0240340232849
,,1,25,64,128,0.1,500,500,67.73103857040405
,,1,25,64,128,0.1,500,1000,135.6162624359131
,,1,25,64,128,0.1,500,2000,271.0775058269501
,,1,25,64,128,0.1,500,4000,541.1905407905579
,,1,25,64,128,0.1,1000,500,66.90881395339966
,,1,25,64,128,0.1,1000,1000,133.47148084640503
,,1,25,64,128,0.1,1000,2000,267.12601113319397
,,1,25,64,128,0.1,1000,4000,533.2214398384094
,,1,25,64,128,0.01,500,500,66.36370754241943
,,1,25,64,128,0.01,500,1000,132.76622128486633
,,1,25,64,128,0.01,500,2000,266.1285181045532
,,1,25,64,128,0.01,500,4000,533.7802567481995
,,1,25,64,128,0.01,1000,500,66.70923209190369
,,1,25,64,128,0.01,1000,1000,133.06235361099243
,,1,25,64,128,0.01,1000,2000,266.62623929977417
,,1,25,64,128,0.01,1000,4000,534.1270744800568
,,1,25,64,256,0.1,500,500,71.44163608551025
,,1,25,64,256,0.1,500,1000,140.72877883911133
,,1,25,64,256,0.1,500,2000,285.6829035282135
,,1,25,64,256,0.1,500,4000,573.0297837257385
,,1,25,64,256,0.1,1000,500,71.61727833747864
,,1,25,64,256,0.1,1000,1000,143.23522567749023
,,1,25,64,256,0.1,1000,2000,287.01222562789917
,,1,25,64,256,0.1,1000,4000,572.5600500106812
,,1,25,64,256,0.01,500,500,71.45948958396912
,,1,25,64,256,0.01,500,1000,143.19286680221558
,,1,25,64,256,0.01,500,2000,286.43928146362305
,,1,25,64,256,0.01,500,4000,572.6755721569061
,,1,25,64,256,0.01,1000,500,71.48498439788818
,,1,25,64,256,0.01,1000,1000,143.03296756744385
,,1,25,64,256,0.01,1000,2000,286.67043566703796
,,1,25,64,256,0.01,1000,4000,573.55344414711
0.3689964711666107,0.6077930331230164,2,5,16,64,0.1,500,500,12.921390771865845
0.2900698184967041,0.14252479374408722,2,5,16,64,0.1,500,1000,25.788810968399048
0.30362775921821594,0.263559490442276,2,5,16,64,0.1,500,2000,51.57707071304321
0.44057193398475647,0.323160856962204,2,5,16,64,0.1,500,4000,102.97429037094116
0.25889745354652405,0.31393447518348694,2,5,16,64,0.1,1000,500,12.899550199508667
0.5146499276161194,0.7821379899978638,2,5,16,64,0.1,1000,1000,25.745981454849243
0.39592245221138,0.47332683205604553,2,5,16,64,0.1,1000,2000,51.746678590774536
0.4147552251815796,0.44969066977500916,2,5,16,64,0.1,1000,4000,103.2842149734497
0.23822446167469025,0.16076971590518951,2,5,16,64,0.01,500,500,12.888342142105103
0.2351735234260559,0.2132725715637207,2,5,16,64,0.01,500,1000,25.82711410522461
0.2315501570701599,0.2802513837814331,2,5,16,64,0.01,500,2000,51.578190326690674
0.2699151039123535,0.47393980622291565,2,5,16,64,0.01,500,4000,103.05369019508362
0.326445072889328,0.4842028319835663,2,5,16,64,0.01,1000,500,12.849754571914673
0.3422505855560303,0.4186890721321106,2,5,16,64,0.01,1000,1000,25.800203323364258
0.43612736463546753,0.45365989208221436,2,5,16,64,0.01,1000,2000,51.54316329956055
0.3640545904636383,0.36459222435951233,2,5,16,64,0.01,1000,4000,103.0630087852478
0.33576440811157227,0.6219086647033691,2,5,16,128,0.1,500,500,13.199525117874146
0.15209096670150757,0.30860191583633423,2,5,16,128,0.1,500,1000,26.511909008026123
0.4329898953437805,0.35171958804130554,2,5,16,128,0.1,500,2000,52.92030453681946
0.49000120162963867,0.3996191620826721,2,5,16,128,0.1,500,4000,105.90943193435669
0.19921140372753143,0.35247790813446045,2,5,16,128,0.1,1000,500,13.173252582550049
0.35842323303222656,0.17149700224399567,2,5,16,128,0.1,1000,1000,26.467004537582397
0.1870773434638977,0.31079012155532837,2,5,16,128,0.1,1000,2000,52.88359308242798
0.48573848605155945,0.4871780276298523,2,5,16,128,0.1,1000,4000,105.8163149356842
0.28830385208129883,0.5778857469558716,2,5,16,128,0.01,500,500,13.20597505569458
0.20079323649406433,0.12285034358501434,2,5,16,128,0.01,500,1000,26.491255283355713
0.25175631046295166,0.19239048659801483,2,5,16,128,0.01,500,2000,53.11489391326904
0.21879610419273376,0.27594104409217834,2,5,16,128,0.01,500,4000,105.94853281974792
0.4301922619342804,0.7408534288406372,2,5,16,128,0.01,1000,500,13.186046123504639
0.36783304810523987,0.2607254683971405,2,5,16,128,0.01,1000,1000,26.43696880340576
0.3472674787044525,0.27052971720695496,2,5,16,128,0.01,1000,2000,52.975125551223755
0.39321452379226685,0.32609304785728455,2,5,16,128,0.01,1000,4000,105.99430561065674
0.4925681948661804,0.7421968579292297,2,5,16,256,0.1,500,500,13.87485647201538
0.2596629858016968,0.09930796921253204,2,5,16,256,0.1,500,1000,27.696220874786377
0.3137960135936737,0.30292919278144836,2,5,16,256,0.1,500,2000,55.35302758216858
0.49335774779319763,0.46829986572265625,2,5,16,256,0.1,500,4000,110.58199119567871
0.4199865758419037,0.7413552403450012,2,5,16,256,0.1,1000,500,13.819059610366821
0.45636892318725586,0.5458477139472961,2,5,16,256,0.1,1000,1000,27.713443279266357
0.2798718214035034,0.275524765253067,2,5,16,256,0.1,1000,2000,55.32347774505615
0.28192248940467834,0.16840815544128418,2,5,16,256,0.1,1000,4000,110.50938820838928
0.24212579429149628,0.16425742208957672,2,5,16,256,0.01,500,500,13.775480508804321
0.22738447785377502,0.2064497023820877,2,5,16,256,0.01,500,1000,27.712862491607666
0.1479760855436325,0.11122038215398788,2,5,16,256,0.01,500,2000,55.47174859046936
0.20564153790473938,0.3289135992527008,2,5,16,256,0.01,500,4000,110.79476261138916
0.20309048891067505,0.18365031480789185,2,5,16,256,0.01,1000,500,13.819558143615723
0.43254590034484863,0.4446171522140503,2,5,16,256,0.01,1000,1000,27.667277097702026
0.29621028900146484,0.2910386621952057,2,5,16,256,0.01,1000,2000,55.32424306869507
0.3442530333995819,0.354757696390152,2,5,16,256,0.01,1000,4000,110.68175721168518
0.32634180784225464,0.6196340918540955,2,5,32,64,0.1,500,500,26.786184549331665
0.3452410101890564,0.2875725328922272,2,5,32,64,0.1,500,1000,53.48315644264221
0.3091083765029907,0.32944348454475403,2,5,32,64,0.1,500,2000,107.18873476982117
0.2309737652540207,0.22612635791301727,2,5,32,64,0.1,500,4000,214.08566117286682
0.4006481468677521,0.6718050837516785,2,5,32,64,0.1,1000,500,26.90901017189026
0.36777177453041077,0.5069735050201416,2,5,32,64,0.1,1000,1000,53.49300408363342
0.2424841970205307,0.2753415107727051,2,5,32,64,0.1,1000,2000,107.12954831123352
0.2629068195819855,0.27591755986213684,2,5,32,64,0.1,1000,4000,213.95544266700745
0.2890225946903229,0.2409241646528244,2,5,32,64,0.01,500,500,26.827150583267212
0.22751152515411377,0.16287925839424133,2,5,32,64,0.01,500,1000,53.824137926101685
0.24133212864398956,0.12797357141971588,2,5,32,64,0.01,500,2000,107.1247832775116
0.28151336312294006,0.16667310893535614,2,5,32,64,0.01,500,4000,214.08894872665405
0.22531917691230774,0.13663510978221893,2,5,32,64,0.01,1000,500,26.805824756622314
0.23366612195968628,0.2451818585395813,2,5,32,64,0.01,1000,1000,53.50292181968689
0.20239216089248657,0.1582099050283432,2,5,32,64,0.01,1000,2000,107.18865156173706
0.2830777168273926,0.25417596101760864,2,5,32,64,0.01,1000,4000,215.41070294380188
0.5113314390182495,0.7810307741165161,2,5,32,128,0.1,500,500,27.735233306884766
0.3984982669353485,0.39446890354156494,2,5,32,128,0.1,500,1000,55.248400926589966
0.13563872873783112,0.3131835460662842,2,5,32,128,0.1,500,2000,110.70906352996826
0.4270326793193817,0.47167810797691345,2,5,32,128,0.1,500,4000,221.11269402503967
0.2804350256919861,0.49200084805488586,2,5,32,128,0.1,1000,500,27.72947669029236
0.6247301697731018,0.8472973108291626,2,5,32,128,0.1,1000,1000,55.1613872051239
0.3069491386413574,0.36691734194755554,2,5,32,128,0.1,1000,2000,110.75628781318665
0.2008385807275772,0.20862165093421936,2,5,32,128,0.1,1000,4000,221.58247351646423
0.29104411602020264,0.328011691570282,2,5,32,128,0.01,500,500,27.691926956176758
0.2123943269252777,0.1381821632385254,2,5,32,128,0.01,500,1000,55.51361298561096
0.2609386444091797,0.2625408172607422,2,5,32,128,0.01,500,2000,110.54914855957031
0.2674854099750519,0.2543488144874573,2,5,32,128,0.01,500,4000,221.7789649963379
0.22574615478515625,0.13222447037696838,2,5,32,128,0.01,1000,500,27.916567087173462
0.17559966444969177,0.22885920107364655,2,5,32,128,0.01,1000,1000,55.36512637138367
0.29472464323043823,0.39252427220344543,2,5,32,128,0.01,1000,2000,111.09665203094482
0.30383244156837463,0.34686142206192017,2,5,32,128,0.01,1000,4000,221.71716904640198
0.4375259578227997,0.5350293517112732,2,5,32,256,0.1,500,500,29.408033847808838
0.3234542906284332,0.3500748872756958,2,5,32,256,0.1,500,1000,58.99250316619873
0.3495803475379944,0.3304540812969208,2,5,32,256,0.1,500,2000,118.37639784812927
0.2000385969877243,0.29660457372665405,2,5,32,256,0.1,500,4000,235.48136711120605
0.2241213619709015,0.13782021403312683,2,5,32,256,0.1,1000,500,29.516117095947266
0.4256243109703064,0.5159229636192322,2,5,32,256,0.1,1000,1000,58.95708894729614
0.2736053168773651,0.29389888048171997,2,5,32,256,0.1,1000,2000,117.99008774757385
0.4986414909362793,0.5195366740226746,2,5,32,256,0.1,1000,4000,236.34836554527283
0.21535387635231018,0.310686856508255,2,5,32,256,0.01,500,500,29.395105600357056
0.17929315567016602,0.1295740008354187,2,5,32,256,0.01,500,1000,58.904393911361694
0.19647778570652008,0.13735342025756836,2,5,32,256,0.01,500,2000,117.71122360229492
0.20072196424007416,0.11932474374771118,2,5,32,256,0.01,500,4000,235.46747374534607
0.27688276767730713,0.34237000346183777,2,5,32,256,0.01,1000,500,29.4754958152771
0.3111328184604645,0.3530955910682678,2,5,32,256,0.01,1000,1000,59.08039212226868
0.2517510950565338,0.36186107993125916,2,5,32,256,0.01,1000,2000,117.61665105819702
0.24345752596855164,0.3411282002925873,2,5,32,256,0.01,1000,4000,235.6362018585205
0.1410187929868698,0.3344746530056,2,5,64,64,0.1,500,500,59.80499505996704
0.20835760235786438,0.4019187092781067,2,5,64,64,0.1,500,1000,119.86902284622192
0.1766398847103119,0.2915017604827881,2,5,64,64,0.1,500,2000,239.55964469909668
0.20396864414215088,0.48579496145248413,2,5,64,64,0.1,500,4000,479.91917181015015
0.21677613258361816,0.32027989625930786,2,5,64,64,0.1,1000,500,59.968777894973755
0.29418861865997314,0.37515702843666077,2,5,64,64,0.1,1000,1000,119.60007238388062
0.15158885717391968,0.37310805916786194,2,5,64,64,0.1,1000,2000,239.67352867126465
0.24419954419136047,0.518222451210022,2,5,64,64,0.1,1000,4000,479.56964087486267
0.3871830701828003,0.601383626461029,2,5,64,64,0.01,500,500,59.98609185218811
0.26204046607017517,0.35923027992248535,2,5,64,64,0.01,500,1000,119.9467842578888
0.3026338219642639,0.4247114062309265,2,5,64,64,0.01,500,2000,239.43515729904175
,,2,5,64,64,0.01,500,4000,480.4278450012207
0.3256991505622864,0.5494475364685059,2,5,64,64,0.01,1000,500,59.97928166389465
0.2290385216474533,0.4322560131549835,2,5,64,64,0.01,1000,1000,119.73262810707092
0.2258906364440918,0.4067210257053375,2,5,64,64,0.01,1000,2000,240.15941190719604
0.2347393035888672,0.4372504949569702,2,5,64,64,0.01,1000,4000,479.2686004638672
0.14633585512638092,0.13225355744361877,2,5,64,128,0.1,500,500,62.900861501693726
0.259931355714798,0.5073311924934387,2,5,64,128,0.1,500,1000,125.74466323852539
0.266367644071579,0.5200023651123047,2,5,64,128,0.1,500,2000,252.0681471824646
0.21641044318675995,0.5346060395240784,2,5,64,128,0.1,500,4000,504.202027797699
0.2463359236717224,0.544523298740387,2,5,64,128,0.1,1000,500,63.08869743347168
0.232087641954422,0.27240440249443054,2,5,64,128,0.1,1000,1000,126.14830994606018
,,2,5,64,128,0.1,1000,2000,253.2520773410797
,,2,5,64,128,0.1,1000,4000,507.0708553791046
0.2924444377422333,0.4746224880218506,2,5,64,128,0.01,500,500,63.18136405944824
,,2,5,64,128,0.01,500,1000,126.84049487113953
0.27419713139533997,0.4287177324295044,2,5,64,128,0.01,500,2000,253.1433367729187
0.3016066551208496,0.5300490856170654,2,5,64,128,0.01,500,4000,506.3029613494873
0.29039275646209717,0.5225359201431274,2,5,64,128,0.01,1000,500,63.24663019180298
0.30055034160614014,0.576785147190094,2,5,64,128,0.01,1000,1000,126.60621762275696
0.2598126232624054,0.5341067314147949,2,5,64,128,0.01,1000,2000,253.24517846107483
,,2,5,64,128,0.01,1000,4000,507.60803842544556
,,2,5,64,256,0.1,500,500,67.35694479942322
0.12529541552066803,0.2857264578342438,2,5,64,256,0.1,500,1000,133.54638409614563
,,2,5,64,256,0.1,500,2000,270.1334912776947
0.24177365005016327,0.5544562339782715,2,5,64,256,0.1,500,4000,534.9612996578217
,,2,5,64,256,0.1,1000,500,67.46172976493835
0.41026023030281067,0.7264100313186646,2,5,64,256,0.1,1000,1000,133.76957297325134
0.10678381472826004,0.3109092712402344,2,5,64,256,0.1,1000,2000,269.5765562057495
0.24694736301898956,0.513330340385437,2,5,64,256,0.1,1000,4000,535.6407766342163
,,2,5,64,256,0.01,500,500,67.3186526298523
0.2645779252052307,0.44294729828834534,2,5,64,256,0.01,500,1000,133.7562472820282
0.2786704897880554,0.5435460209846497,2,5,64,256,0.01,500,2000,268.1815128326416
0.2343132495880127,0.32520440220832825,2,5,64,256,0.01,500,4000,536.7305288314819
0.23510943353176117,0.23097218573093414,2,5,64,256,0.01,1000,500,66.8951051235199
0.25390002131462097,0.5155701041221619,2,5,64,256,0.01,1000,1000,133.85797929763794
0.2602822780609131,0.5162608623504639,2,5,64,256,0.01,1000,2000,267.59759759902954
,,2,5,64,256,0.01,1000,4000,540.434944152832
0.22308382391929626,0.11680813878774643,2,15,16,64,0.1,500,500,13.115742683410645
0.24942807853221893,0.4201035797595978,2,15,16,64,0.1,500,1000,26.22555637359619
0.16552472114562988,0.07103433459997177,2,15,16,64,0.1,500,2000,52.53051543235779
0.37548285722732544,0.23663493990898132,2,15,16,64,0.1,500,4000,104.97284030914307
0.5727819204330444,0.6890733242034912,2,15,16,64,0.1,1000,500,13.146872997283936
0.19844014942646027,0.10948888212442398,2,15,16,64,0.1,1000,1000,26.22640562057495
0.1355888843536377,0.13078300654888153,2,15,16,64,0.1,1000,2000,52.466185569763184
0.2538871765136719,0.40113726258277893,2,15,16,64,0.1,1000,4000,104.8735580444336
0.21460142731666565,0.27454105019569397,2,15,16,64,0.01,500,500,13.081644535064697
0.5009602904319763,0.6410901546478271,2,15,16,64,0.01,500,1000,26.218927145004272
0.24899359047412872,0.2686733603477478,2,15,16,64,0.01,500,2000,52.5006468296051
0.31071919202804565,0.2976994216442108,2,15,16,64,0.01,500,4000,104.87313652038574
0.529951810836792,0.7972477674484253,2,15,16,64,0.01,1000,500,13.04591155052185
0.43030980229377747,0.5810137987136841,2,15,16,64,0.01,1000,1000,26.264461040496826
0.4015280306339264,0.21625611186027527,2,15,16,64,0.01,1000,2000,52.40175414085388
0.15171226859092712,0.20804108679294586,2,15,16,64,0.01,1000,4000,104.80013847351074
0.6236714720726013,0.7006514668464661,2,15,16,128,0.1,500,500,13.447252035140991
0.1291954070329666,0.18164467811584473,2,15,16,128,0.1,500,1000,27.063234567642212
0.3551549017429352,0.5414393544197083,2,15,16,128,0.1,500,2000,53.9706609249115
0.2914608418941498,0.5119541883468628,2,15,16,128,0.1,500,4000,108.04768180847168
0.6216107606887817,0.769288957118988,2,15,16,128,0.1,1000,500,13.474360466003418
0.41529303789138794,0.6603094935417175,2,15,16,128,0.1,1000,1000,26.98734736442566
0.11117363721132278,0.2995953857898712,2,15,16,128,0.1,1000,2000,54.07207465171814
0.14263097941875458,0.2492147535085678,2,15,16,128,0.1,1000,4000,107.96856880187988
0.1954502910375595,0.3857458531856537,2,15,16,128,0.01,500,500,13.449494123458862
0.29974111914634705,0.33723849058151245,2,15,16,128,0.01,500,1000,27.024568796157837
0.3310013711452484,0.3601128160953522,2,15,16,128,0.01,500,2000,54.08343315124512
0.28745147585868835,0.3283010721206665,2,15,16,128,0.01,500,4000,108.03047919273376
0.5529927611351013,0.8357031345367432,2,15,16,128,0.01,1000,500,13.44460415840149
0.1643904745578766,0.2315000295639038,2,15,16,128,0.01,1000,1000,27.05162811279297
0.34681761264801025,0.45635178685188293,2,15,16,128,0.01,1000,2000,54.17288613319397
0.28675198554992676,0.3798624873161316,2,15,16,128,0.01,1000,4000,108.00056338310242
0.14713485538959503,0.2584761381149292,2,15,16,256,0.1,500,500,14.358813285827637
0.12330041080713272,0.3181726038455963,2,15,16,256,0.1,500,1000,28.623275995254517
0.1312837451696396,0.1052568331360817,2,15,16,256,0.1,500,2000,57.29125094413757
0.2262394279241562,0.12292935699224472,2,15,16,256,0.1,500,4000,114.69841527938843
0.21110913157463074,0.20754572749137878,2,15,16,256,0.1,1000,500,14.353725671768188
0.16878391802310944,0.12068060040473938,2,15,16,256,0.1,1000,1000,28.610846281051636
0.33161064982414246,0.6008448004722595,2,15,16,256,0.1,1000,2000,57.38133907318115
0.3376083970069885,0.4771871864795685,2,15,16,256,0.1,1000,4000,114.77140641212463
0.17942790687084198,0.2993878722190857,2,15,16,256,0.01,500,500,14.297100067138672
0.3954505920410156,0.4195038676261902,2,15,16,256,0.01,500,1000,28.693257093429565
0.3190900385379791,0.3050687909126282,2,15,16,256,0.01,500,2000,57.410035848617554
0.3370969593524933,0.32069554924964905,2,15,16,256,0.01,500,4000,114.58508157730103
0.15639790892601013,0.15336653590202332,2,15,16,256,0.01,1000,500,14.353777408599854
0.1791132688522339,0.1311245709657669,2,15,16,256,0.01,1000,1000,28.706160306930542
0.24465371668338776,0.282380610704422,2,15,16,256,0.01,1000,2000,57.44777202606201
0.26649555563926697,0.23901602625846863,2,15,16,256,0.01,1000,4000,114.7725236415863
2.2232699394226074,4.820953845977783,2,15,32,64,0.1,500,500,27.290401458740234
,,2,15,32,64,0.1,500,1000,54.99258780479431
0.25934460759162903,0.3518766760826111,2,15,32,64,0.1,500,2000,108.64077067375183
,,2,15,32,64,0.1,500,4000,220.35113501548767
0.15362778306007385,0.22438453137874603,2,15,32,64,0.1,1000,500,27.389142274856567
0.4177757203578949,0.5744374990463257,2,15,32,64,0.1,1000,1000,54.486085176467896
,,2,15,32,64,0.1,1000,2000,110.38780117034912
0.2852099537849426,0.36263442039489746,2,15,32,64,0.1,1000,4000,217.98767185211182
0.4868062734603882,0.6587596535682678,2,15,32,64,0.01,500,500,27.25641918182373
0.26350295543670654,0.18508875370025635,2,15,32,64,0.01,500,1000,54.528966188430786
0.3021676540374756,0.3724241852760315,2,15,32,64,0.01,500,2000,109.43982481956482
0.31166815757751465,0.31738147139549255,2,15,32,64,0.01,500,4000,218.06909489631653
0.47723856568336487,0.7197112441062927,2,15,32,64,0.01,1000,500,27.149080991744995
0.29202309250831604,0.0893828496336937,2,15,32,64,0.01,1000,1000,54.507800817489624
0.2337791472673416,0.1966964155435562,2,15,32,64,0.01,1000,2000,109.21368479728699
0.3551385998725891,0.4181242287158966,2,15,32,64,0.01,1000,4000,218.19986748695374
,,2,15,32,128,0.1,500,500,28.71331763267517
0.19550646841526031,0.12198712676763535,2,15,32,128,0.1,500,1000,56.872254610061646
0.2850061058998108,0.39764121174812317,2,15,32,128,0.1,500,2000,113.76123285293579
0.30623793601989746,0.43810734152793884,2,15,32,128,0.1,500,4000,227.1949656009674
0.48166075348854065,0.6471156477928162,2,15,32,128,0.1,1000,500,28.33346176147461
,,2,15,32,128,0.1,1000,1000,58.00179648399353
0.31611543893814087,0.37244322896003723,2,15,32,128,0.1,1000,2000,113.376384973526
0.18522100150585175,0.0990443229675293,2,15,32,128,0.1,1000,4000,226.61555767059326
0.23316197097301483,0.09701123833656311,2,15,32,128,0.01,500,500,28.27758479118347
0.29067328572273254,0.320145845413208,2,15,32,128,0.01,500,1000,56.716777324676514
0.386593222618103,0.43454188108444214,2,15,32,128,0.01,500,2000,113.73554801940918
0.3076031506061554,0.39612555503845215,2,15,32,128,0.01,500,4000,226.28744649887085
0.2859833836555481,0.09584280848503113,2,15,32,128,0.01,1000,500,28.3403377532959
0.21803714334964752,0.3038996458053589,2,15,32,128,0.01,1000,1000,56.63048267364502
0.24418611824512482,0.3318023383617401,2,15,32,128,0.01,1000,2000,113.74180483818054
0.23778071999549866,0.23366685211658478,2,15,32,128,0.01,1000,4000,226.73000931739807
0.29590049386024475,0.13081972301006317,2,15,32,256,0.1,500,500,30.523221254348755
0.24899573624134064,0.2224232405424118,2,15,32,256,0.1,500,1000,61.55687737464905
0.44019219279289246,0.5353543758392334,2,15,32,256,0.1,500,2000,122.81005239486694
,,2,15,32,256,0.1,500,4000,249.5854139328003
,,2,15,32,256,0.1,1000,500,31.367453575134277
0.3119974434375763,0.44766533374786377,2,15,32,256,0.1,1000,1000,61.2074248790741
0.311127632856369,0.4360339939594269,2,15,32,256,0.1,1000,2000,122.70271587371826
0.14711515605449677,0.11449667066335678,2,15,32,256,0.1,1000,4000,247.08138298988342
0.4155104458332062,0.589812695980072,2,15,32,256,0.01,500,500,30.63070273399353
,,2,15,32,256,0.01,500,1000,62.68189477920532
0.3129323422908783,0.3527649939060211,2,15,32,256,0.01,500,2000,123.15839886665344
0.34073957800865173,0.4192304015159607,2,15,32,256,0.01,500,4000,245.93545055389404
0.42355895042419434,0.5980203151702881,2,15,32,256,0.01,1000,500,30.700499057769775
0.3229212760925293,0.38823381066322327,2,15,32,256,0.01,1000,1000,61.328279972076416
0.3643943667411804,0.5545309782028198,2,15,32,256,0.01,1000,2000,122.70496797561646
0.35353758931159973,0.4144611358642578,2,15,32,256,0.01,1000,4000,245.41695737838745
,,2,15,64,64,0.1,500,500,61.25937008857727
,,2,15,64,64,0.1,500,1000,122.59796476364136
,,2,15,64,64,0.1,500,2000,245.21517157554626
,,2,15,64,64,0.1,500,4000,492.3107304573059
,,2,15,64,64,0.1,1000,500,61.4374794960022
0.1906646341085434,0.4601404070854187,2,15,64,64,0.1,1000,1000,121.85721135139465
,,2,15,64,64,0.1,1000,2000,245.94131684303284
,,2,15,64,64,0.1,1000,4000,491.0025804042816
0.22493426501750946,0.4429047405719757,2,15,64,64,0.01,500,500,61.025245904922485
,,2,15,64,64,0.01,500,1000,122.50055694580078
0.24013018608093262,0.49706563353538513,2,15,64,64,0.01,500,2000,243.44426441192627
,,2,15,64,64,0.01,500,4000,490.75482749938965
,,2,15,64,64,0.01,1000,500,61.22060775756836
0.3280000686645508,0.6330639719963074,2,15,64,64,0.01,1000,1000,121.70605111122131
,,2,15,64,64,0.01,1000,2000,245.42960214614868
,,2,15,64,64,0.01,1000,4000,491.0151562690735
,,2,15,64,128,0.1,500,500,65.25540614128113
,,2,15,64,128,0.1,500,1000,130.59420680999756
0.24411283433437347,0.6039214134216309,2,15,64,128,0.1,500,2000,257.7370717525482
,,2,15,64,128,0.1,500,4000,533.0170288085938
,,2,15,64,128,0.1,1000,500,66.93943428993225
,,2,15,64,128,0.1,1000,1000,134.10858964920044
,,2,15,64,128,0.1,1000,2000,268.1939582824707
0.2718507945537567,0.6294116377830505,2,15,64,128,0.1,1000,4000,529.6983513832092
0.21702587604522705,0.4362546503543854,2,15,64,128,0.01,500,500,66.21651673316956
,,2,15,64,128,0.01,500,1000,133.92410469055176
,,2,15,64,128,0.01,500,2000,265.40034079551697
,,2,15,64,128,0.01,500,4000,527.1214063167572
,,2,15,64,128,0.01,1000,500,65.88860487937927
,,2,15,64,128,0.01,1000,1000,131.97772932052612
,,2,15,64,128,0.01,1000,2000,263.9437325000763
0.2446744441986084,0.5505722761154175,2,15,64,128,0.01,1000,4000,525.956832408905
,,2,15,64,256,0.1,500,500,71.18003582954407
,,2,15,64,256,0.1,500,1000,142.527010679245
,,2,15,64,256,0.1,500,2000,285.0837552547455
,,2,15,64,256,0.1,500,4000,571.9123618602753
0.1321875900030136,0.3578517436981201,2,15,64,256,0.1,1000,500,70.54840278625488
,,2,15,64,256,0.1,1000,1000,142.8828203678131
,,2,15,64,256,0.1,1000,2000,285.96994042396545
0.21099361777305603,0.5901641249656677,2,15,64,256,0.1,1000,4000,565.662704706192
,,2,15,64,256,0.01,500,500,71.39264726638794
,,2,15,64,256,0.01,500,1000,143.49147748947144
,,2,15,64,256,0.01,500,2000,287.0079815387726
,,2,15,64,256,0.01,500,4000,574.0722842216492
,,2,15,64,256,0.01,1000,500,70.93801498413086
,,2,15,64,256,0.01,1000,1000,142.12162971496582
,,2,15,64,256,0.01,1000,2000,280.8337092399597
,,2,15,64,256,0.01,1000,4000,561.0847263336182
0.44528472423553467,0.7792414426803589,2,25,16,64,0.1,500,500,13.249320983886719
0.30234217643737793,0.45525872707366943,2,25,16,64,0.1,500,1000,26.44594979286194
0.3342122435569763,0.4512276351451874,2,25,16,64,0.1,500,2000,53.0030722618103
0.15422587096691132,0.158244788646698,2,25,16,64,0.1,500,4000,105.58868074417114
0.5540497303009033,0.7051786780357361,2,25,16,64,0.1,1000,500,13.236846685409546
0.16616302728652954,0.38438600301742554,2,25,16,64,0.1,1000,1000,26.412238359451294
0.3345305323600769,0.4493252635002136,2,25,16,64,0.1,1000,2000,52.95429277420044
0.8294612169265747,0.8532355427742004,2,25,16,64,0.1,1000,4000,105.64307832717896
0.2642139494419098,0.15251824259757996,2,25,16,64,0.01,500,500,13.18234896659851
0.14277267456054688,0.2695075571537018,2,25,16,64,0.01,500,1000,26.50007700920105
0.3288865089416504,0.3665570616722107,2,25,16,64,0.01,500,2000,52.96910119056702
0.3622978627681732,0.3571194112300873,2,25,16,64,0.01,500,4000,105.93483519554138
0.29798460006713867,0.28364014625549316,2,25,16,64,0.01,1000,500,13.20507025718689
0.4794970750808716,0.828596293926239,2,25,16,64,0.01,1000,1000,26.422106504440308
0.23105525970458984,0.3807413876056671,2,25,16,64,0.01,1000,2000,52.814119815826416
0.3265424072742462,0.36838698387145996,2,25,16,64,0.01,1000,4000,105.64076900482178
0.6471226215362549,0.8572296500205994,2,25,16,128,0.1,500,500,13.666942596435547
0.13197670876979828,0.42328107357025146,2,25,16,128,0.1,500,1000,27.489176988601685
0.35560181736946106,0.5202940702438354,2,25,16,128,0.1,500,2000,55.223111629486084
0.1237684041261673,0.34797659516334534,2,25,16,128,0.1,500,4000,110.10360288619995
0.5639156699180603,0.8312638401985168,2,25,16,128,0.1,1000,500,13.737000465393066
0.49836763739585876,0.6368482708930969,2,25,16,128,0.1,1000,1000,27.532829523086548
0.3608992397785187,0.4349302649497986,2,25,16,128,0.1,1000,2000,55.16037702560425
0.42740005254745483,0.4977338910102844,2,25,16,128,0.1,1000,4000,110.09483027458191
0.40769240260124207,0.6170074343681335,2,25,16,128,0.01,500,500,13.707818746566772
0.2944961190223694,0.5711131691932678,2,25,16,128,0.01,500,1000,27.521143436431885
0.2721054255962372,0.38814884424209595,2,25,16,128,0.01,500,2000,55.11807131767273
0.11977308243513107,0.28413376212120056,2,25,16,128,0.01,500,4000,110.0882215499878
0.4280640780925751,0.7418661117553711,2,25,16,128,0.01,1000,500,13.721536874771118
0.28687530755996704,0.6085677742958069,2,25,16,128,0.01,1000,1000,27.58511519432068
0.19856907427310944,0.37751275300979614,2,25,16,128,0.01,1000,2000,54.978134870529175
0.20919500291347504,0.1296236664056778,2,25,16,128,0.01,1000,4000,110.13624095916748
0.6329654455184937,0.8435795903205872,2,25,16,256,0.1,500,500,14.865333795547485
0.23663078248500824,0.5166578888893127,2,25,16,256,0.1,500,1000,29.274431228637695
0.11483043432235718,0.2389666736125946,2,25,16,256,0.1,500,2000,58.770079612731934
0.23580625653266907,0.16551053524017334,2,25,16,256,0.1,500,4000,116.8698205947876
0.3313131630420685,0.5191159248352051,2,25,16,256,0.1,1000,500,14.627116203308105
0.44827544689178467,0.7567869424819946,2,25,16,256,0.1,1000,1000,29.281366109848022
0.3804573714733124,0.5015641450881958,2,25,16,256,0.1,1000,2000,58.416009187698364
0.7605382800102234,0.8110736012458801,2,25,16,256,0.1,1000,4000,116.95974802970886
0.4381200969219208,0.7609493732452393,2,25,16,256,0.01,500,500,14.58918809890747
0.16193458437919617,0.10648302733898163,2,25,16,256,0.01,500,1000,29.20352292060852
0.23112790286540985,0.3359924554824829,2,25,16,256,0.01,500,2000,58.56991386413574
0.19871161878108978,0.3481540381908417,2,25,16,256,0.01,500,4000,117.1867823600769
0.14424511790275574,0.08328735828399658,2,25,16,256,0.01,1000,500,14.567177295684814
0.7062700986862183,0.8119922876358032,2,25,16,256,0.01,1000,1000,29.19610857963562
0.5570693612098694,0.5751776695251465,2,25,16,256,0.01,1000,2000,58.50205087661743
0.576014518737793,0.5863316059112549,2,25,16,256,0.01,1000,4000,116.87859272956848
,,2,25,32,64,0.1,500,500,28.165745973587036
,,2,25,32,64,0.1,500,1000,56.00297141075134
,,2,25,32,64,0.1,500,2000,111.62153506278992
,,2,25,32,64,0.1,500,4000,223.85015511512756
,,2,25,32,64,0.1,1000,500,28.156628847122192
0.43970152735710144,0.6918015480041504,2,25,32,64,0.1,1000,1000,55.28858280181885
,,2,25,32,64,0.1,1000,2000,111.8865168094635
,,2,25,32,64,0.1,1000,4000,224.92666888237
0.2733052372932434,0.14206567406654358,2,25,32,64,0.01,500,500,27.436603307724
0.40657317638397217,0.523775577545166,2,25,32,64,0.01,500,1000,54.98734736442566
0.3334774374961853,0.41919681429862976,2,25,32,64,0.01,500,2000,110.3315839767456
0.3692430555820465,0.43136146664619446,2,25,32,64,0.01,500,4000,220.84979844093323
0.3063184320926666,0.4969763159751892,2,25,32,64,0.01,1000,500,27.58264446258545
0.34652820229530334,0.3876030743122101,2,25,32,64,0.01,1000,1000,55.339412450790405
,,2,25,32,64,0.01,1000,2000,112.36213207244873
0.3404390811920166,0.4482799768447876,2,25,32,64,0.01,1000,4000,220.25796341896057
0.5613977313041687,0.7642881870269775,2,25,32,128,0.1,500,500,29.06751537322998
0.28480663895606995,0.33246999979019165,2,25,32,128,0.1,500,1000,58.180734157562256
,,2,25,32,128,0.1,500,2000,118.7762098312378
,,2,25,32,128,0.1,500,4000,235.60623598098755
,,2,25,32,128,0.1,1000,500,29.4845712184906
0.4354654550552368,0.7822555303573608,2,25,32,128,0.1,1000,1000,58.15326976776123
,,2,25,32,128,0.1,1000,2000,118.6816782951355
0.2749394178390503,0.3256286382675171,2,25,32,128,0.1,1000,4000,232.80761313438416
0.5479902625083923,0.784628689289093,2,25,32,128,0.01,500,500,28.857605934143066
0.3986159861087799,0.5048878788948059,2,25,32,128,0.01,500,1000,58.1901159286499
0.30490174889564514,0.3575854003429413,2,25,32,128,0.01,500,2000,116.31517457962036
0.3197007477283478,0.3818082809448242,2,25,32,128,0.01,500,4000,231.77441883087158
0.46031662821769714,0.603583812713623,2,25,32,128,0.01,1000,500,29.212823152542114
0.34246206283569336,0.41027000546455383,2,25,32,128,0.01,1000,1000,58.11412787437439
0.2544594407081604,0.2335890531539917,2,25,32,128,0.01,1000,2000,115.77123832702637
0.33836591243743896,0.43925994634628296,2,25,32,128,0.01,1000,4000,232.70871138572693
0.32915768027305603,0.500309407711029,2,25,32,256,0.1,500,500,31.609176635742188
,,2,25,32,256,0.1,500,1000,64.59295964241028
,,2,25,32,256,0.1,500,2000,129.2438259124756
0.31185469031333923,0.4454408586025238,2,25,32,256,0.1,500,4000,254.27628707885742
,,2,25,32,256,0.1,1000,500,32.16166663169861
0.3389616310596466,0.45949697494506836,2,25,32,256,0.1,1000,1000,63.29978346824646
,,2,25,32,256,0.1,1000,2000,128.74015855789185
,,2,25,32,256,0.1,1000,4000,257.74027943611145
0.32295817136764526,0.35535725951194763,2,25,32,256,0.01,500,500,31.66153883934021
0.23870456218719482,0.2755677402019501,2,25,32,256,0.01,500,1000,63.57211518287659
0.3097304701805115,0.3978192210197449,2,25,32,256,0.01,500,2000,127.12975931167603
0.37269583344459534,0.44237464666366577,2,25,32,256,0.01,500,4000,254.00927424430847
0.2406204789876938,0.2433823049068451,2,25,32,256,0.01,1000,500,31.79501509666443
0.5893046855926514,0.7562659382820129,2,25,32,256,0.01,1000,1000,63.52917504310608
,,2,25,32,256,0.01,1000,2000,129.05179357528687
0.37300005555152893,0.40699002146720886,2,25,32,256,0.01,1000,4000,254.62387776374817
,,2,25,64,64,0.1,500,500,62.62270545959473
,,2,25,64,64,0.1,500,1000,125.28187775611877
,,2,25,64,64,0.1,500,2000,250.10486912727356
,,2,25,64,64,0.1,500,4000,500.15918350219727
,,2,25,64,64,0.1,1000,500,62.42970681190491
,,2,25,64,64,0.1,1000,1000,124.95086860656738
,,2,25,64,64,0.1,1000,2000,250.08162665367126
,,2,25,64,64,0.1,1000,4000,500.29110312461853
,,2,25,64,64,0.01,500,500,62.34991407394409
,,2,25,64,64,0.01,500,1000,124.60058832168579
,,2,25,64,64,0.01,500,2000,249.54832458496094
,,2,25,64,64,0.01,500,4000,499.1071629524231
,,2,25,64,64,0.01,1000,500,62.05154991149902
,,2,25,64,64,0.01,1000,1000,124.44106769561768
,,2,25,64,64,0.01,1000,2000,249.42675018310547
,,2,25,64,64,0.01,1000,4000,499.44917607307434
,,2,25,64,128,0.1,500,500,66.57628750801086
,,2,25,64,128,0.1,500,1000,133.60963106155396
,,2,25,64,128,0.1,500,2000,267.34417247772217
,,2,25,64,128,0.1,500,4000,533.6080255508423
,,2,25,64,128,0.1,1000,500,66.8129768371582
,,2,25,64,128,0.1,1000,1000,133.5193748474121
,,2,25,64,128,0.1,1000,2000,267.46373295783997
,,2,25,64,128,0.1,1000,4000,534.8590426445007
,,2,25,64,128,0.01,500,500,66.74792313575745
,,2,25,64,128,0.01,500,1000,133.7722680568695
,,2,25,64,128,0.01,500,2000,267.55497646331787
,,2,25,64,128,0.01,500,4000,535.5711855888367
,,2,25,64,128,0.01,1000,500,66.70221590995789
,,2,25,64,128,0.01,1000,1000,133.63090634346008
,,2,25,64,128,0.01,1000,2000,267.6954252719879
,,2,25,64,128,0.01,1000,4000,534.7658247947693
,,2,25,64,256,0.1,500,500,72.05163407325745
,,2,25,64,256,0.1,500,1000,143.64919662475586
,,2,25,64,256,0.1,500,2000,287.9876163005829
,,2,25,64,256,0.1,500,4000,575.6718361377716
,,2,25,64,256,0.1,1000,500,71.87015461921692
,,2,25,64,256,0.1,1000,1000,143.5526626110077
,,2,25,64,256,0.1,1000,2000,287.8870861530304
,,2,25,64,256,0.1,1000,4000,575.956253528595
,,2,25,64,256,0.01,500,500,71.67196345329285
0.23858103156089783,0.46694493293762207,2,25,64,256,0.01,500,1000,141.70522212982178
,,2,25,64,256,0.01,500,2000,287.56548142433167
,,2,25,64,256,0.01,500,4000,575.3199985027313
,,2,25,64,256,0.01,1000,500,71.69266271591187
,,2,25,64,256,0.01,1000,1000,143.5545825958252
,,2,25,64,256,0.01,1000,2000,287.39655590057373
,,2,25,64,256,0.01,1000,4000,575.524463891983
